"Family","RowCount","Has1Gal","Has5Gal","Has55Gal"
"210 5G CRYSTAL CLEAR H20 2100 MATTE FINISH","1","False","True","False"
"5 TANK LID FOR VERTICAL 7 16 GALLON SOAP TANK","1","False","False","True"
"ABF RESTORATION","3","True","True","True"
"ACRYLICSTRIP","3","True","True","True"
"ALKALINE STONE CLEANER","3","True","True","True"
"AP PLUS BC PURPLE PLUS","3","True","True","True"
"BD 6 SOLUTION MULTI PURPOSE CLEANER DEGREASER","2","True","True","False"
"BIO BASED QUICK STRIP","1","False","True","False"
"BREAK WALL","1","False","True","False"
"BULLSEYE","2","False","True","False"
"C TAR MELT","3","True","True","True"
"CALCITE PRESOAK","3","True","True","True"
"CALCIUM SILICATE CLEANER","2","False","True","True"
"CASE OF GOLD ASSASSIN","1","True","False","False"
"CHAPIN BLEACH SPRAYER","1","True","False","False"
"CLEAN UP EFLO REMOVER","2","False","True","False"
"CLEANSOL BC","3","True","True","True"
"COBBLE GRIP","2","True","True","False"
"COBBLE STRIP","1","False","True","False"
"COLOR SEAL H2COOL GRAYSTONE","1","False","True","False"
"COLOR SEAL H2COOL OCEAN SAND","2","True","True","False"
"COLOR SEAL H2COOL SOUTHERN CLAY","2","True","True","False"
"COLOR SEAL H2COOL WHITE","1","False","True","False"
"CT WASH","3","True","True","True"
"CYCLONE","1","False","True","False"
"DAWN PROFESSIONAL DISH SOAP","1","False","True","False"
"DAWN PROFESSIONAL DISH SOAP W PUMP","1","True","False","False"
"DAZZLE BC","3","True","True","True"
"DIAMOND DUST FOR KIT","1","False","True","False"
"EBC MULTIPURPOSE CLEANER AND DEGREASER","1","False","True","False"
"EBC MULTIPURPOSE CLEANER AND DEGREASER KIT","1","False","False","True"
"EC 101 WB","3","True","True","True"
"EC 102 SOL","3","True","True","True"
"EF FORTLESS","3","True","True","True"
"F9 BARC RUST AND OXIDATION REMOVER","2","True","True","False"
"F9 DOUBLE EAGLE CLEANER DEGREASER NEUTRALIZER","1","False","True","False"
"F9 EFFLORESCENCE AND CALCIUM REMOVER","1","False","True","False"
"F9 GROUNDSKEEPER","1","False","True","False"
"FLOOR DECK H2O BASE","1","True","False","False"
"GLORY TRUCKWASH BC","2","False","True","True"
"GOLD ASSASSIN","2","True","True","False"
"GOLD ASSASSIN KIT","2","False","False","True"
"GRAF EX","3","True","True","True"
"H2COOL COLOR SEAL CARIBBEAN CREAM","1","True","False","False"
"HD BRITENOL","3","True","True","True"
"HD DEGREASER","3","True","True","True"
"HD SABRE","3","True","True","True"
"HERITAGE RESTORER","3","True","True","True"
"HOT STAIN REMOVER","3","True","True","True"
"ICT CLEAR SEAL SOLVENT BASED","1","True","False","False"
"ICT TOTAL PREP","1","True","False","False"
"INSTRIP","2","True","True","False"
"JETTY","1","False","True","False"
"KIT WET CLEAR SEALER","1","False","True","False"
"LCS","3","True","True","True"
"NEUTRAPODS 40LBS NEUTRALIZER","1","False","True","False"
"NMD 80","3","True","True","True"
"NUTOPP","1","False","True","False"
"ONERESTORE","3","True","True","True"
"ORANGE A PEEL 6575 DEGREASER","1","True","False","False"
"PINK STUFF RUST REMOVER","2","True","True","False"
"PLUS","3","True","True","True"
"POINT BREAK","1","False","True","False"
"POLISHED STONE CLEANER","4","True","True","True"
"POWER BRITE ALUMINUM BRIGHTENER","2","True","True","False"
"PRO BRC BRICK RESTORATION CONCENTRATE","1","True","False","False"
"RIP TIDE","1","False","True","False"
"RS10 BC","3","True","True","True"
"SABRE II","3","True","True","True"
"SAFE HARBOR","1","False","True","False"
"SCREEN MAGIC","1","True","False","False"
"SEA WALL","2","False","True","False"
"SIZZLE 5 PACK","1","False","False","True"
"SMITH BLEACH CHEMICAL SPRAYER","1","True","False","False"
"SMOKE MELT","3","True","True","True"
"SOS 50","3","True","True","True"
"SQUEEGEE OFF","1","True","False","False"
"STONE SHOW INVISIBLE","1","True","False","False"
"STONE SHOW INVISIBLE 2","1","False","True","False"
"STONE SHOW NANO ENHANCED","1","True","False","False"
"STONE SHOW NANO ENHANCED 2","1","False","True","False"
"STRIPPER CREAM","1","False","True","False"
"STRIPSOL LO","3","True","True","True"
"SUPREME BC","3","True","True","True"
"SWEEP AWAY SPRAY","1","True","False","False"
"TAGINATOR","2","True","True","False"
"TEXTURE EEZ 3500 H2COOL BAJA BEACH","1","False","True","False"
"TEXTURE EEZ 3500 H2COOL CAYENNE","1","False","True","False"
"TEXTURE EEZ 3500 H2COOL ELEPHANT TUSK","1","False","True","False"
"TEXTURE EEZ 3500 H2COOL FOG","1","False","True","False"
"TEXTURE EEZ 3500 H2COOL IVORY COAST","1","False","True","False"
"TEXTURE EEZ 3500 H2COOL PECAN TAN","2","True","True","False"
"TEXTURE EEZ 3500 H2COOL SILVER MIST","2","True","True","False"
"TEXTURE EEZ 3500 H2COOL SPACE","1","False","True","False"
"TEXTURE EZE 3500 H2COOL BAJA BEACH","1","True","False","False"
"TEXTURE EZE 3500 H2COOL IVORY COAST","1","True","False","False"
"TEXTURE EZE 3500 H2COOL PEPPER","1","False","True","False"
"TEXTURE EZE 3500 H2COOL PINE CONE","2","True","True","False"
"TEXTURE EZE ELEPHANT TUSK","1","True","False","False"
"TEXTURE EZE FOG","1","True","False","False"
"TEXTURE EZE PEPPER","1","True","False","False"
"TEXTURE EZE SPACE","1","True","False","False"
"TIDAL WAVE GEL","1","False","True","False"
"TIDAL WAVE SPRAY","1","False","True","False"
"TOTAL ETCH","2","True","True","False"
"TOTAL PREP","1","False","True","False"
"TOTAL QUICK STRIP","1","True","False","False"
"TOTAL QUICK STRIP ML","1","False","True","False"
"TRIDENT TIDALWAVE GEL STRIPPER","1","False","True","False"
"TRIDENT TIDALWAVE SPRAY STRIPPER","1","False","True","False"
"TRUCK WASH SUPREME SC","3","True","True","True"
"TSUNAMI","1","False","True","False"
"TYPHOON","1","False","True","False"
"URE SEAL H20 GLOSS 2 KIT","1","False","True","False"
"URE SEAL H20 GLOSS KIT","1","False","True","False"
"URE SEAL H20 KIT","1","True","False","False"
"URE SEAL H20 MID GLOSS KIT","1","False","True","False"
"URE SEAL H20 NATURAL KIT","1","False","True","False"
"URE SEAL NEXT GEN GLOSS KIT","1","False","True","False"
"WATER SHADES BARNACLE","1","True","False","False"
"WATER SHADES BRICK RED","1","True","False","False"
"WATER SHADES CANYON BROWN","1","True","False","False"
"WATER SHADES GRANITE GRAY","1","True","False","False"
"WATER SHIELD","2","True","True","False"
"WHITE SCUM PRESOAK","3","True","True","True"
"WHITE WATER","1","False","True","False"
"WIPE OUT","1","False","True","False"
