SKU,Item Name,Category,Category Folder,Image Filename,Image Absolute Path
T-50-HM-1-WC,#1 Section for 50HMw/ clamp,Tucker > Water Fed Pole Parts,Water Fed Pole Parts,T-50-HM-1-WC.png,C:\Codex\AZCS Inventory\Images\Tucker images\T-50-HM-1-WC.png
T-22-HY-1-WC,#1 Section for BRAVOw/ clamp,Tucker > Water Fed Pole Parts,Water Fed Pole Parts,T-22-HY-1-WC.png,C:\Codex\AZCS Inventory\Images\Tucker images\T-22-HY-1-WC.png
T-30-CF-1-WC,#1 Section for ECO 30w/ Clamp,Tucker > Water Fed Pole Parts,Water Fed Pole Parts,T-30-CF-1-WC.png,C:\Codex\AZCS Inventory\Images\Tucker images\T-30-CF-1-WC.png
T-40-CF-1-WC,#1 Section for ECO 40w/ Clamp,Tucker > Water Fed Pole Parts,Water Fed Pole Parts,T-40-CF-1-WC.png,C:\Codex\AZCS Inventory\Images\Tucker images\T-40-CF-1-WC.png
T-15-HY-1-WC,#1 Section for Juniorw/ clamp,Tucker > Water Fed Pole Parts,Water Fed Pole Parts,T-15-HY-1-WC.png,C:\Codex\AZCS Inventory\Images\Tucker images\T-15-HY-1-WC.png
T-12-FG-1-WC,#1 Section for SIDEKICKw/ Clamp,Tucker > Water Fed Pole Parts,Water Fed Pole Parts,T-12-FG-1-WC.png,C:\Codex\AZCS Inventory\Images\Tucker images\T-12-FG-1-WC.png
T-27-CF-1-WC,#1 Section for SOLAR BOOSTw/ Clamp,Tucker > Water Fed Pole Parts,Water Fed Pole Parts,T-27-CF-1-WC.png,C:\Codex\AZCS Inventory\Images\Tucker images\T-27-CF-1-WC.png
T-CF-EXT-WC,#10 CF Pole Extension with Clamp,Tucker > Water Fed Pole Parts,Water Fed Pole Parts,T-CF-EXT-WC.png,C:\Codex\AZCS Inventory\Images\Tucker images\T-CF-EXT-WC.png
T-50-HM-2-WC,#2 Section for 50HMw/ clamp,Tucker > Water Fed Pole Parts,Water Fed Pole Parts,T-50-HM-2-WC.png,C:\Codex\AZCS Inventory\Images\Tucker images\T-50-HM-2-WC.png
T-22-HY-2-WC,#2 Section for BRAVOw/ clamp,Tucker > Water Fed Pole Parts,Water Fed Pole Parts,T-22-HY-2-WC.png,C:\Codex\AZCS Inventory\Images\Tucker images\T-22-HY-2-WC.png
T-30-CF-2-WC,#2 Section for ECO 30w/ Clamp,Tucker > Water Fed Pole Parts,Water Fed Pole Parts,T-30-CF-2-WC.png,C:\Codex\AZCS Inventory\Images\Tucker images\T-30-CF-2-WC.png
T-40-CF-2-WC,#2 Section for ECO 40w/ Clamp,Tucker > Water Fed Pole Parts,Water Fed Pole Parts,T-40-CF-2-WC.png,C:\Codex\AZCS Inventory\Images\Tucker images\T-40-CF-2-WC.png
T-15-HY-2-WC,#2 Section for Juniorw/ clamp,Tucker > Water Fed Pole Parts,Water Fed Pole Parts,T-15-HY-2-WC.png,C:\Codex\AZCS Inventory\Images\Tucker images\T-15-HY-2-WC.png
T-12-FG-2-WC,#2 Section for SIDEKICKw/ Clamp,Tucker > Water Fed Pole Parts,Water Fed Pole Parts,T-12-FG-2-WC.png,C:\Codex\AZCS Inventory\Images\Tucker images\T-12-FG-2-WC.png
T-27-CF-2-WC,#2 Section for SOLAR BOOSTw/ Clamp,Tucker > Water Fed Pole Parts,Water Fed Pole Parts,T-27-CF-2-WC.png,C:\Codex\AZCS Inventory\Images\Tucker images\T-27-CF-2-WC.png
T-15-FG-3-WC,#3 Base Section for Juniorw/ clamp,Tucker > Water Fed Pole Parts,Water Fed Pole Parts,T-15-FG-3-WC.png,C:\Codex\AZCS Inventory\Images\Tucker images\T-15-FG-3-WC.png
T-12-FG-3-WC,#3 Base Section for SIDEKICKw/ Clamp,Tucker > Water Fed Pole Parts,Water Fed Pole Parts,T-12-FG-3-WC.png,C:\Codex\AZCS Inventory\Images\Tucker images\T-12-FG-3-WC.png
T-50-HM-3-WC,#3 Section for 50HMw/ clamp,Tucker > Water Fed Pole Parts,Water Fed Pole Parts,T-50-HM-3-WC.png,C:\Codex\AZCS Inventory\Images\Tucker images\T-50-HM-3-WC.png
T-22-HY-3-WC,#3 Section for BRAVOw/ clamp,Tucker > Water Fed Pole Parts,Water Fed Pole Parts,T-22-HY-3-WC.png,C:\Codex\AZCS Inventory\Images\Tucker images\T-22-HY-3-WC.png
T-30-CF-3-WC,#3 Section for ECO 30w/ Clamp,Tucker > Water Fed Pole Parts,Water Fed Pole Parts,T-30-CF-3-WC.png,C:\Codex\AZCS Inventory\Images\Tucker images\T-30-CF-3-WC.png
T-40-CF-3-WC,#3 Section for ECO 40w/ Clamp,Tucker > Water Fed Pole Parts,Water Fed Pole Parts,T-40-CF-3-WC.png,C:\Codex\AZCS Inventory\Images\Tucker images\T-40-CF-3-WC.png
T-27-CF-3-WC,#3 Section for SOLAR BOOSTw/ Clamp,Tucker > Water Fed Pole Parts,Water Fed Pole Parts,T-27-CF-3-WC.png,C:\Codex\AZCS Inventory\Images\Tucker images\T-27-CF-3-WC.png
T-50-HM-4-WC,#4 Section for 50HMw/ clamp,Tucker > Water Fed Pole Parts,Water Fed Pole Parts,T-50-HM-4-WC.png,C:\Codex\AZCS Inventory\Images\Tucker images\T-50-HM-4-WC.png
T-22-HY-4-WC,#4 Section for BRAVOw/ clamp,Tucker > Water Fed Pole Parts,Water Fed Pole Parts,T-22-HY-4-WC.png,C:\Codex\AZCS Inventory\Images\Tucker images\T-22-HY-4-WC.png
T-30-CF-4-WC,#4 Section for ECO 30w/ Clamp,Tucker > Water Fed Pole Parts,Water Fed Pole Parts,T-30-CF-4-WC.png,C:\Codex\AZCS Inventory\Images\Tucker images\T-30-CF-4-WC.png
T-40-CF-4-WC,#4 Section for ECO 40w/ Clamp,Tucker > Water Fed Pole Parts,Water Fed Pole Parts,T-40-CF-4-WC.png,C:\Codex\AZCS Inventory\Images\Tucker images\T-40-CF-4-WC.png
T-27-CF-4-WC,#4 Section for SOLAR BOOSTw/ Clamp,Tucker > Water Fed Pole Parts,Water Fed Pole Parts,T-27-CF-4-WC.png,C:\Codex\AZCS Inventory\Images\Tucker images\T-27-CF-4-WC.png
T-22-FG-5-WC,#5 Base Section for BRAVOw/ clamp,Tucker > Water Fed Pole Parts,Water Fed Pole Parts,T-22-FG-5-WC.png,C:\Codex\AZCS Inventory\Images\Tucker images\T-22-FG-5-WC.png
T-30-FG-5-WC,#5 Base Section for ECO 30w/ Clamp,Tucker > Water Fed Pole Parts,Water Fed Pole Parts,T-30-FG-5-WC.png,C:\Codex\AZCS Inventory\Images\Tucker images\T-30-FG-5-WC.png
T-50-HM-5-WC,#5 Section for 50HMw/ clamp,Tucker > Water Fed Pole Parts,Water Fed Pole Parts,T-50-HM-5-WC.png,C:\Codex\AZCS Inventory\Images\Tucker images\T-50-HM-5-WC.png
T-40-CF-5-WC,#5 Section for ECO 40w/ Clamp,Tucker > Water Fed Pole Parts,Water Fed Pole Parts,T-40-CF-5-WC.png,C:\Codex\AZCS Inventory\Images\Tucker images\T-40-CF-5-WC.png
T-27-CF-5-WC,#5 Section for SOLAR BOOSTw/ Clamp,Tucker > Water Fed Pole Parts,Water Fed Pole Parts,T-27-CF-5-WC.png,C:\Codex\AZCS Inventory\Images\Tucker images\T-27-CF-5-WC.png
T-50-HM-6-WC,#6 Section for 50HMw/ clamp,Tucker > Water Fed Pole Parts,Water Fed Pole Parts,T-50-HM-6-WC.png,C:\Codex\AZCS Inventory\Images\Tucker images\T-50-HM-6-WC.png
T-40-CF-6-WC,#6 Section for ECO 40w/ Clamp,Tucker > Water Fed Pole Parts,Water Fed Pole Parts,T-40-CF-6-WC.png,C:\Codex\AZCS Inventory\Images\Tucker images\T-40-CF-6-WC.png
T-27-CF-6-WC,#6 Section for SOLAR BOOSTw/ Clamp,Tucker > Water Fed Pole Parts,Water Fed Pole Parts,T-27-CF-6-WC.png,C:\Codex\AZCS Inventory\Images\Tucker images\T-27-CF-6-WC.png
T-40-FG-7-WC,#7 Base Section for ECO 40w/ Clamp,Tucker > Water Fed Pole Parts,Water Fed Pole Parts,T-40-FG-7-WC.png,C:\Codex\AZCS Inventory\Images\Tucker images\T-40-FG-7-WC.png
T-27-FG-7-WC,#7 Base Section for SOLAR BOOSTw/ Clamp,Tucker > Water Fed Pole Parts,Water Fed Pole Parts,T-27-FG-7-WC.png,C:\Codex\AZCS Inventory\Images\Tucker images\T-27-FG-7-WC.png
T-50-HM-7-WC,#7 Section for 50HMw/ clamp,Tucker > Water Fed Pole Parts,Water Fed Pole Parts,T-50-HM-7-WC.png,C:\Codex\AZCS Inventory\Images\Tucker images\T-50-HM-7-WC.png
T-50-HM-8-WC,#8 Section for 50HMw/ clamp,Tucker > Water Fed Pole Parts,Water Fed Pole Parts,T-50-HM-8-WC.png,C:\Codex\AZCS Inventory\Images\Tucker images\T-50-HM-8-WC.png
T-50-FG-9-WC,#9 Base Section for 50HMw/ clamp,Tucker > Water Fed Pole Parts,Water Fed Pole Parts,T-50-FG-9-WC.png,C:\Codex\AZCS Inventory\Images\Tucker images\T-50-FG-9-WC.png
T-9CFWC-50,#9 HM Section for 50' HM w/ clamp,Tucker > Water Fed Pole Parts,Water Fed Pole Parts,T-9CFWC-50.jpeg,C:\Codex\AZCS Inventory\Images\Tucker images\T-9CFWC-50.jpeg
TUCKER-BRAVO,(BRAVO) Tucker® 22' Hybrid Pole,Tucker > Water Fed Pole Parts,Water Fed Pole Parts,TUCKER-BRAVO.jpeg,C:\Codex\AZCS Inventory\Images\Tucker images\TUCKER-BRAVO.jpeg
11016,H2pro Frame,Tucker > Pure Water Systems,Pure Water Systems,11016.png,C:\Codex\AZCS Inventory\Images\Tucker images\11016.png
T-SIDEKICK,(SIDEKICK) Tucker® 6' TRAD Pole,Tucker > Water Fed Pole Parts,Water Fed Pole Parts,T-SIDEKICK.png,C:\Codex\AZCS Inventory\Images\Tucker images\T-SIDEKICK.png
T-50-DEL-DU,50 Gallon Delivery System Dual User,Tucker > Pure Water Systems,Pure Water Systems,T-50-DEL-DU.jpeg,C:\Codex\AZCS Inventory\Images\Tucker images\T-50-DEL-DU.jpeg
T-50-DEL-SU,50 Gallon Delivery System Single User,Tucker > Pure Water Systems,Pure Water Systems,T-50-DEL-SU.jpeg,C:\Codex\AZCS Inventory\Images\Tucker images\T-50-DEL-SU.jpeg
T-50-PRO-DU-150,Spot Free RO/DI 50 Gallon Dual User 150,Tucker > Pure Water Systems,Pure Water Systems,T-50-PRO-DU-150.jpeg,C:\Codex\AZCS Inventory\Images\Tucker images\T-50-PRO-DU-150.jpeg
T-50-PRO-SU-150,Spot Free RO/DI 50 Gallon Single User 150,Tucker > Pure Water Systems,Pure Water Systems,T-50-PRO-SU-150.jpeg,C:\Codex\AZCS Inventory\Images\Tucker images\T-50-PRO-SU-150.jpeg
12003-A,0-160 psi Pressure Gauge Liquid Filled,Tucker > Accessories,Accessories,12003-A.png,C:\Codex\AZCS Inventory\Images\Tucker images\12003-A.png
20007,1 cubic foot of Tucker DI resin in Bucket,Tucker > Pure Water Systems,Pure Water Systems,20007.png,C:\Codex\AZCS Inventory\Images\Tucker images\20007.png
60027-10,1/2 Black Tubing (per 10 foot length),Tucker > Catalog,Catalog,60027-10.png,C:\Codex\AZCS Inventory\Images\Tucker images\60027-10.png
63016,1/2 Brass Nipple Close,Tucker > Catalog,Catalog,63016.png,C:\Codex\AZCS Inventory\Images\Tucker images\63016.png
63017,1/2 Brass Plug,Tucker > Catalog,Catalog,63017.png,C:\Codex\AZCS Inventory\Images\Tucker images\63017.png
63005,1/2 Brass Street Elbow,Tucker > Accessories,Accessories,63005.png,C:\Codex\AZCS Inventory\Images\Tucker images\63005.png
63020,1/2 Brass Tee,Tucker > Accessories,Accessories,63020.png,C:\Codex\AZCS Inventory\Images\Tucker images\63020.png
20007.5,1/2 cubic foot of Tucker DI resin in Bucket,Tucker > Pure Water Systems,Pure Water Systems,20007.5.png,C:\Codex\AZCS Inventory\Images\Tucker images\20007.5.png
62027,1/2 Elbow Threaded BRASS (FNPT),Tucker > Accessories,Accessories,62027.png,C:\Codex\AZCS Inventory\Images\Tucker images\62027.png
12032-ELBOW,1/2 femail ptf to 1/2 male ptf elbow,Tucker > Accessories,Accessories,12032-ELBOW.png,C:\Codex\AZCS Inventory\Images\Tucker images\12032-ELBOW.png
63009,1/2 female x 3/4 female GHT,Tucker > Catalog,Catalog,63009.png,C:\Codex\AZCS Inventory\Images\Tucker images\63009.png
63010,1/2 female x 3/4 male GHT,Tucker > Catalog,Catalog,63010.png,C:\Codex\AZCS Inventory\Images\Tucker images\63010.png
62039,1/2 FNPT Line Strainer 80mesh,Tucker > Catalog,Catalog,62039.png,C:\Codex\AZCS Inventory\Images\Tucker images\62039.png
12023,1/2 hp Motor Dual Phase,Tucker > Catalog,Catalog,12023.png,C:\Codex\AZCS Inventory\Images\Tucker images\12023.png
62002-M,1/2 male thread x 1/2 PTF Metal,Tucker > Catalog,Catalog,62002-M.png,C:\Codex\AZCS Inventory\Images\Tucker images\62002-M.png
62002-P,1/2 male thread x 1/2 PTF Plastic,Tucker > Catalog,Catalog,62002-P.png,C:\Codex\AZCS Inventory\Images\Tucker images\62002-P.png
63008,1/2 male thread x 3/4 male GHT Brass,Tucker > Catalog,Catalog,63008.png,C:\Codex\AZCS Inventory\Images\Tucker images\63008.png
62028,1/2 Male Thread x 3/8 PTF,Tucker > Catalog,Catalog,62028.png,C:\Codex\AZCS Inventory\Images\Tucker images\62028.png
62013,1/2 male x 3/8 ptf elbow reducer GAM,Tucker > Accessories,Accessories,62013.png,C:\Codex\AZCS Inventory\Images\Tucker images\62013.png
63032,1/2 MPT X FGH Swivel,Tucker > Catalog,Catalog,63032.png,C:\Codex\AZCS Inventory\Images\Tucker images\63032.png
62035,1/2 NPT x 1/2 Barb,Tucker > Catalog,Catalog,62035.png,C:\Codex\AZCS Inventory\Images\Tucker images\62035.png
62003,1/2 Plug for PTF,Tucker > Catalog,Catalog,62003.png,C:\Codex\AZCS Inventory\Images\Tucker images\62003.png
62038,1/2 PTF Bulkhead,Tucker > Catalog,Catalog,62038.png,C:\Codex\AZCS Inventory\Images\Tucker images\62038.png
62004,1/2' PTF Tee Fitting,Tucker > Accessories,Accessories,62004.png,C:\Codex\AZCS Inventory\Images\Tucker images\62004.png
62018,1/2 x 1/2 PTF 90deg Elbow,Tucker > Accessories,Accessories,62018.png,C:\Codex\AZCS Inventory\Images\Tucker images\62018.png
62005-TH,1/2 x 1/2 Tee w/ 1/4 female thread,Tucker > Accessories,Accessories,62005-TH.png,C:\Codex\AZCS Inventory\Images\Tucker images\62005-TH.png
63018,1/2 x 1/4 Hex Bushing,Tucker > Catalog,Catalog,63018.png,C:\Codex\AZCS Inventory\Images\Tucker images\63018.png
62005,1/2 x 3/8 PTF Tee,Tucker > Accessories,Accessories,62005.png,C:\Codex\AZCS Inventory\Images\Tucker images\62005.png
62007,1/2 Y Divider,Tucker > Catalog,Catalog,62007.png,C:\Codex\AZCS Inventory\Images\Tucker images\62007.png
62051,"1/2"" male NPT x 1/2"" PTF swiveling Elbow",Tucker > Accessories,Accessories,62051.png,C:\Codex\AZCS Inventory\Images\Tucker images\62051.png
63045,"1/2"" X 1/2"" Brass RISER",Tucker > Catalog,Catalog,63045.png,C:\Codex\AZCS Inventory\Images\Tucker images\63045.png
62001-M,1/2in stem x 1/2in ptf metal ELBOW,Tucker > Accessories,Accessories,62001-M.png,C:\Codex\AZCS Inventory\Images\Tucker images\62001-M.png
62001,1/2in stem x 1/2in ptf Plastic ELBOW,Tucker > Accessories,Accessories,62001.png,C:\Codex\AZCS Inventory\Images\Tucker images\62001.png
63028,1/2in Brass Threaded Coupling,Tucker > Catalog,Catalog,63028.png,C:\Codex\AZCS Inventory\Images\Tucker images\63028.png
62010,1/2in male thread x 1/2in PTF Elbow,Tucker > Accessories,Accessories,62010.png,C:\Codex\AZCS Inventory\Images\Tucker images\62010.png
21010,1/2in O-Ring for RO Membranes,Tucker > Pure Water Systems,Pure Water Systems,21010.png,C:\Codex\AZCS Inventory\Images\Tucker images\21010.png
63031,1/2in Stem x 3/8in Barb 45 deg,Tucker > Catalog,Catalog,63031.png,C:\Codex\AZCS Inventory\Images\Tucker images\63031.png
63029,1/2in x 3/8in Brass Face Bushing,Tucker > Catalog,Catalog,63029.png,C:\Codex\AZCS Inventory\Images\Tucker images\63029.png
63013,1/2x1/2x1/2 Stem Union T-Black,Tucker > Catalog,Catalog,63013.png,C:\Codex\AZCS Inventory\Images\Tucker images\63013.png
63015,1/2x1/2x1/4 Tube Union Tee-Black,Tucker > Accessories,Accessories,63015.png,C:\Codex\AZCS Inventory\Images\Tucker images\63015.png
62056,"1/4""M x 5/16"" PTF",Tucker > Catalog,Catalog,62056.png,C:\Codex\AZCS Inventory\Images\Tucker images\62056.png
SORBO-S1269,"10"" Quicksilver Channel 90 degree w/ end clips",Tucker > Catalog,Catalog,SORBO-S1269.jpeg,C:\Codex\AZCS Inventory\Images\Tucker images\SORBO-S1269.jpeg
12015,12 volt waterproof rocker switch,Tucker > Catalog,Catalog,12015.png,C:\Codex\AZCS Inventory\Images\Tucker images\12015.png
SORBO-S1277,"14"" Quicksilver Channel 40 degree w/ end clips",Tucker > Catalog,Catalog,SORBO-S1277.png,C:\Codex\AZCS Inventory\Images\Tucker images\SORBO-S1277.png
ECO-15-BARE,15' ECO BARE POLE (no tips included),Tucker > Water Fed Pole Parts,Water Fed Pole Parts,ECO-15-BARE.png,C:\Codex\AZCS Inventory\Images\Tucker images\ECO-15-BARE.png
V16X2,"16"" x 2"" Velcro Strip (Single strip)",Tucker > Catalog,Catalog,V16X2.png,C:\Codex\AZCS Inventory\Images\Tucker images\V16X2.png
SORBO-S1285,"18"" Quicksilver Channel 40 degree w/ end clips",Tucker > Catalog,Catalog,SORBO-S1285.png,C:\Codex\AZCS Inventory\Images\Tucker images\SORBO-S1285.png
11031-STEEL,1in Square Plastic Plug for Steel Frame,Tucker > Accessories,Accessories,11031-STEEL.png,C:\Codex\AZCS Inventory\Images\Tucker images\11031-STEEL.png
ECO-40-EXT,2 Piece Ext Kit w/ Sec ECO-6 and ECO-7,Tucker > Catalog,Catalog,ECO-40-EXT.png,C:\Codex\AZCS Inventory\Images\Tucker images\ECO-40-EXT.png
ECO-50-EXT,2 Piece Ext Kit w/ Sec ECO-8 and ECO-9,Tucker > Catalog,Catalog,ECO-50-EXT.png,C:\Codex\AZCS Inventory\Images\Tucker images\ECO-50-EXT.png
ECO-MINI-EXT,2 Piece Extension for ECO-MINI,Tucker > Catalog,Catalog,ECO-MINI-EXT.png,C:\Codex\AZCS Inventory\Images\Tucker images\ECO-MINI-EXT.png
T-LOCT-UGK,2 piece kit for upgrading to Loct System,Tucker > Catalog,Catalog,T-LOCT-UGK.jpeg,C:\Codex\AZCS Inventory\Images\Tucker images\T-LOCT-UGK.jpeg
V10X2,"2""x10"" Velcro Strip (Single strip)",Tucker > Catalog,Catalog,V10X2.png,C:\Codex\AZCS Inventory\Images\Tucker images\V10X2.png
20026,2.5in x 10in Carbon Filter,Tucker > Pure Water Systems,Pure Water Systems,20026.png,C:\Codex\AZCS Inventory\Images\Tucker images\20026.png
20026-CK,2.5in x 10in Carbon Filter / Chloramine Killer,Tucker > Pure Water Systems,Pure Water Systems,20026-CK.jpeg,C:\Codex\AZCS Inventory\Images\Tucker images\20026-CK.jpeg
20047-CLR,2.5in x 10in CLEAR Housing w/ 1/2in inlets,Tucker > Catalog,Catalog,20047-CLR.jpeg,C:\Codex\AZCS Inventory\Images\Tucker images\20047-CLR.jpeg
TUCKER-2-5IN-X-10IN-SEDIMENT-FILTER,2.5in x 10in Sediment Filter,Tucker > Pure Water Systems,Pure Water Systems,20025.png,C:\Codex\AZCS Inventory\Images\Tucker images\20025.png
20051,21in Filter Insert (EMPTY),Tucker > Pure Water Systems,Pure Water Systems,20051.png,C:\Codex\AZCS Inventory\Images\Tucker images\20051.png
20025-3,3 pack of filters for hydrocart,Tucker > Pure Water Systems,Pure Water Systems,20025-3.png,C:\Codex\AZCS Inventory\Images\Tucker images\20025-3.png
62029,3 way Valve - SmartWash,Tucker > Accessories,Accessories,62029.png,C:\Codex\AZCS Inventory\Images\Tucker images\62029.png
63027,3/4 FNPTx 3/4 FGHT Brass Swivel,Tucker > Catalog,Catalog,63027.png,C:\Codex\AZCS Inventory\Images\Tucker images\63027.png
63024,3/4 x 1/2 Reducer Bushing,Tucker > Catalog,Catalog,63024.jpeg,C:\Codex\AZCS Inventory\Images\Tucker images\63024.jpeg
63026,3/4 x 3/4 MGHT x MPT,Tucker > Catalog,Catalog,63026.png,C:\Codex\AZCS Inventory\Images\Tucker images\63026.png
63051,"3/4"" Female x 3/4"" Female GHT Swivel",Tucker > Catalog,Catalog,63051.png,C:\Codex\AZCS Inventory\Images\Tucker images\63051.png
63052,"3/4"" Female x 3/4"" Male GHT",Tucker > Catalog,Catalog,63052.png,C:\Codex\AZCS Inventory\Images\Tucker images\63052.png
63053,"3/4"" x 2"" Nipple",Tucker > Catalog,Catalog,63053.png,C:\Codex\AZCS Inventory\Images\Tucker images\63053.png
63001,3/8 barb x 1/2 male thread,Tucker > Catalog,Catalog,63001.png,C:\Codex\AZCS Inventory\Images\Tucker images\63001.png
63002,3/8 barb x 1/4 male thread,Tucker > Catalog,Catalog,63002.png,C:\Codex\AZCS Inventory\Images\Tucker images\63002.png
63004,3/8 barb x 3/4 female GHT,Tucker > Catalog,Catalog,63004.png,C:\Codex\AZCS Inventory\Images\Tucker images\63004.png
63003,3/8 barb x 3/4 male GHT,Tucker > Catalog,Catalog,63003.png,C:\Codex\AZCS Inventory\Images\Tucker images\63003.png
63012,3/8 Male x 3/8 Barb,Tucker > Catalog,Catalog,63012.png,C:\Codex\AZCS Inventory\Images\Tucker images\63012.png
62024,3/8 Pipe Thread x 1/2 PTF,Tucker > Catalog,Catalog,62024.png,C:\Codex\AZCS Inventory\Images\Tucker images\62024.png
62006,3/8 PTF x 1/4 PTF Reducer,Tucker > Catalog,Catalog,62006.png,C:\Codex\AZCS Inventory\Images\Tucker images\62006.png
T-1935,3/8 Swivel for Tucker Reel,Tucker > Accessories,Accessories,T-1935.png,C:\Codex\AZCS Inventory\Images\Tucker images\T-1935.png
63011,3/8 x 1/2 PTF GAM,Tucker > Catalog,Catalog,63011.png,C:\Codex\AZCS Inventory\Images\Tucker images\63011.png
63030,3/8in Close Nipple,Tucker > Catalog,Catalog,63030.png,C:\Codex\AZCS Inventory\Images\Tucker images\63030.png
ECO-30-BARE,30' ECO BARE POLE (no tips included),Tucker > Water Fed Pole Parts,Water Fed Pole Parts,ECO-30-BARE.png,C:\Codex\AZCS Inventory\Images\Tucker images\ECO-30-BARE.png
20054-30-SS,"30"" Stainless Steel Housing",Tucker > Accessories,Accessories,20054-30-SS.png,C:\Codex\AZCS Inventory\Images\Tucker images\20054-30-SS.png
20066-C,30in Carbon Filter Insert,Tucker > Pure Water Systems,Pure Water Systems,20066-C.png,C:\Codex\AZCS Inventory\Images\Tucker images\20066-C.png
20066,30in Filter Insert (EMPTY),Tucker > Pure Water Systems,Pure Water Systems,20066.png,C:\Codex\AZCS Inventory\Images\Tucker images\20066.png
20066-RO,30in Max-Flow Custom RO Membrane,Tucker > Pure Water Systems,Pure Water Systems,20066-RO.png,C:\Codex\AZCS Inventory\Images\Tucker images\20066-RO.png
T-SOLAR-4060,4 Stage 4060 Kit for Solar Panel Cleaning,Tucker > Catalog,Catalog,T-SOLAR-4060.png,C:\Codex\AZCS Inventory\Images\Tucker images\T-SOLAR-4060.png
T-CART-UGK,4 Stage Cart Upgrade Kits,Tucker > Catalog,Catalog,T-CART-UGK.jpeg,C:\Codex\AZCS Inventory\Images\Tucker images\T-CART-UGK.jpeg
T-SOLAR-RIVAL,4 Stage Rival Kit for Solar Panel Cleaning,Tucker > Pure Water Systems,Pure Water Systems,T-SOLAR-RIVAL.png,C:\Codex\AZCS Inventory\Images\Tucker images\T-SOLAR-RIVAL.png
20027,4 x 10in DI Cartridge Blue/White,Tucker > Catalog,Catalog,20027.png,C:\Codex\AZCS Inventory\Images\Tucker images\20027.png
TUCKER-4-X-20IN-DI-CARTRIDGE-FULL-BLUE,4 x 20in DI Cartridge Full Blue/White,Tucker > Catalog,Catalog,20015.png,C:\Codex\AZCS Inventory\Images\Tucker images\20015.png
ECO-40-BARE,40' ECO BARE POLE (no tips included),Tucker > Water Fed Pole Parts,Water Fed Pole Parts,ECO-40-BARE.png,C:\Codex\AZCS Inventory\Images\Tucker images\ECO-40-BARE.png
20054-40-SS,"40"" Stainless Steel Housing",Tucker > Accessories,Accessories,20054-40-SS.png,C:\Codex\AZCS Inventory\Images\Tucker images\20054-40-SS.png
20013-C,40in Carbon Insert,Tucker > Catalog,Catalog,20013-C.png,C:\Codex\AZCS Inventory\Images\Tucker images\20013-C.png
20013,40in Cartridge EMPTY,Tucker > Catalog,Catalog,20013.png,C:\Codex\AZCS Inventory\Images\Tucker images\20013.png
20013-D,40in DI Cartridge,Tucker > Catalog,Catalog,20013-D.png,C:\Codex\AZCS Inventory\Images\Tucker images\20013-D.png
21009,4in Brine Seal,Tucker > Catalog,Catalog,21009.jpeg,C:\Codex\AZCS Inventory\Images\Tucker images\21009.jpeg
20036,4in Filter Wrench,Tucker > Pure Water Systems,Pure Water Systems,20036.png,C:\Codex\AZCS Inventory\Images\Tucker images\20036.png
20009,4in x 10in Carbon Filter,Tucker > Pure Water Systems,Pure Water Systems,20009.png,C:\Codex\AZCS Inventory\Images\Tucker images\20009.png
20040,4in x 10in Grey Housing 3/4 FNPT,Tucker > Catalog,Catalog,20040.png,C:\Codex\AZCS Inventory\Images\Tucker images\20040.png
20008,4in x 10in Sediment Filter,Tucker > Pure Water Systems,Pure Water Systems,20008.png,C:\Codex\AZCS Inventory\Images\Tucker images\20008.png
20041,4in x 20in Housing Grey 3/4 FNPT,Tucker > Catalog,Catalog,20041.png,C:\Codex\AZCS Inventory\Images\Tucker images\20041.png
20014,4in x 20in Refillable Cartridge Empty Blue/White,Tucker > Catalog,Catalog,20014.png,C:\Codex\AZCS Inventory\Images\Tucker images\20014.png
20029,4in x10in Re-Fillable Empty Blue/White,Tucker > Catalog,Catalog,20029.png,C:\Codex\AZCS Inventory\Images\Tucker images\20029.png
20051-C,4x21 Carbon Cartridge,Tucker > Catalog,Catalog,20051-C.png,C:\Codex\AZCS Inventory\Images\Tucker images\20051-C.png
20051-D,4x21 DI Cartridge,Tucker > Catalog,Catalog,20051-D.png,C:\Codex\AZCS Inventory\Images\Tucker images\20051-D.png
40018-5PK,"5 pack of walnut pads 6 x 9""",Tucker > Catalog,Catalog,40018-5PK.png,C:\Codex\AZCS Inventory\Images\Tucker images\40018-5PK.png
60007-5,5 Way 5/16 Push to Fit Divider (brush),Tucker > Accessories,Accessories,60007-5.png,C:\Codex\AZCS Inventory\Images\Tucker images\60007-5.png
60007,5/16 Push to Fit Divider (brush),Tucker > Accessories,Accessories,60007.png,C:\Codex\AZCS Inventory\Images\Tucker images\60007.png
60006,5/16 Push to Fit Wye(brush),Tucker > Accessories,Accessories,60006.png,C:\Codex\AZCS Inventory\Images\Tucker images\60006.png
63014,5/16 union,Tucker > Catalog,Catalog,63014.png,C:\Codex\AZCS Inventory\Images\Tucker images\63014.png
TANK,50 gallon Tank,Tucker > Catalog,Catalog,TANK.png,C:\Codex\AZCS Inventory\Images\Tucker images\TANK.png
T-50HM-BARE,50' HM BARE POLE (no tips included),Tucker > Water Fed Pole Parts,Water Fed Pole Parts,T-50HM-BARE.png,C:\Codex\AZCS Inventory\Images\Tucker images\T-50HM-BARE.png
T-55-KIT,55' pole kit,Tucker > Water Fed Pole Parts,Water Fed Pole Parts,T-55-KIT.png,C:\Codex\AZCS Inventory\Images\Tucker images\T-55-KIT.png
T-SOLAR-MO,5-Stage Max Output Kit For Solar Panel Cleaning,Tucker > Catalog,Catalog,T-SOLAR-MO.png,C:\Codex\AZCS Inventory\Images\Tucker images\T-SOLAR-MO.png
TUCKER-6-X-9-WALNUT-PAD,"6 x 9"" walnut pad",Tucker > Catalog,Catalog,40018.png,C:\Codex\AZCS Inventory\Images\Tucker images\40018.png
SORBO-S1261,"6"" Quicksilver Channel 90 degree w/ end clips",Tucker > Catalog,Catalog,SORBO-S1261.png,C:\Codex\AZCS Inventory\Images\Tucker images\SORBO-S1261.png
T-60-KIT,60' pole kit,Tucker > Water Fed Pole Parts,Water Fed Pole Parts,T-60-KIT.png,C:\Codex\AZCS Inventory\Images\Tucker images\T-60-KIT.png
T-65-KIT,65' pole kit,Tucker > Water Fed Pole Parts,Water Fed Pole Parts,T-65-KIT.png,C:\Codex\AZCS Inventory\Images\Tucker images\T-65-KIT.png
T-70-KIT,70' pole kit,Tucker > Water Fed Pole Parts,Water Fed Pole Parts,T-70-KIT.png,C:\Codex\AZCS Inventory\Images\Tucker images\T-70-KIT.png
T-GN-V1,Adjustable Tucker Gooseneck,Tucker > Accessories,Accessories,T-GN-V1.png,C:\Codex\AZCS Inventory\Images\Tucker images\T-GN-V1.png
T-GN-V2,Adjustable Tucker Gooseneck w/ Quick Release for #1 Clamp,Tucker > Water Fed Pole Parts,Water Fed Pole Parts,T-GN-V2.png,C:\Codex\AZCS Inventory\Images\Tucker images\T-GN-V2.png
ALPHA-SCRUBBER-PADS-│-10-PACK-REPLACEMENTS,Alpha Scrubber Pads │ 10 Pack Replacements,Tucker > Catalog,Catalog,ALPHA-SCRUBBER-PADS-│-10-PACK-REPLACEMENTS.png,C:\Codex\AZCS Inventory\Images\Tucker images\ALPHA-SCRUBBER-PADS-│-10-PACK-REPLACEMENTS.png
T-ACME-TIP-ALUMINUM,Aluminum Acme Tip for #1 Clamp,Tucker > Water Fed Pole Parts,Water Fed Pole Parts,T-ACME-TIP-ALUMINUM.jpeg,C:\Codex\AZCS Inventory\Images\Tucker images\T-ACME-TIP-ALUMINUM.jpeg
T-50-AUX,Auxiliary 50 Gallon Tucker Tank,Tucker > Catalog,Catalog,T-50-AUX.png,C:\Codex\AZCS Inventory\Images\Tucker images\T-50-AUX.png
T-CLAMPBARREL,Barrel only for aluminum clamp body,Tucker > Water Fed Pole Parts,Water Fed Pole Parts,T-CLAMPBARREL.png,C:\Codex\AZCS Inventory\Images\Tucker images\T-CLAMPBARREL.png
12013,Battery Hold-Down,Tucker > Catalog,Catalog,12013.png,C:\Codex\AZCS Inventory\Images\Tucker images\12013.png
T-TW-BNDL,BOAB / Pouch Bundle,Tucker > Catalog,Catalog,T-TW-BNDL.png,C:\Codex\AZCS Inventory\Images\Tucker images\T-TW-BNDL.png
12032BOOST,Boost Pump w/ ELBOWS,Tucker > Pure Water Systems,Pure Water Systems,12032BOOST.png,C:\Codex\AZCS Inventory\Images\Tucker images\12032BOOST.png
RHG-P0106,Bracket - SED/CAR,Tucker > Catalog,Catalog,RHG-P0106.jpeg,C:\Codex\AZCS Inventory\Images\Tucker images\RHG-P0106.jpeg
T-VALVE-BRACKET,Bracket for Bypass Valve,Tucker > Accessories,Accessories,T-VALVE-BRACKET.jpeg,C:\Codex\AZCS Inventory\Images\Tucker images\T-VALVE-BRACKET.jpeg
BRACKET-WIDECLAMP,Bracket for Saddle Clamp,Tucker > Water Fed Pole Parts,Water Fed Pole Parts,BRACKET-WIDECLAMP.jpeg,C:\Codex\AZCS Inventory\Images\Tucker images\BRACKET-WIDECLAMP.jpeg
T-GHS-BRASS,Brass Garden Hose Splitter,Tucker > Accessories,Accessories,T-GHS-BRASS.png,C:\Codex\AZCS Inventory\Images\Tucker images\T-GHS-BRASS.png
T-1000-003,CARBON Filter Bracket,Tucker > Pure Water Systems,Pure Water Systems,T-1000-003.jpeg,C:\Codex\AZCS Inventory\Images\Tucker images\T-1000-003.jpeg
90100-CF-EXT,CF Pole Extension,Tucker > Water Fed Pole Parts,Water Fed Pole Parts,90100-CF-EXT.png,C:\Codex\AZCS Inventory\Images\Tucker images\90100-CF-EXT.png
63042,"Check Valve 1/2""",Tucker > Accessories,Accessories,63042.png,C:\Codex\AZCS Inventory\Images\Tucker images\63042.png
20062-SS-C,"Clamp/Hardware for 4"" SS housing",Tucker > Water Fed Pole Parts,Water Fed Pole Parts,20062-SS-C.png,C:\Codex\AZCS Inventory\Images\Tucker images\20062-SS-C.png
12021-C,Cobra Clamps,Tucker > Water Fed Pole Parts,Water Fed Pole Parts,12021-C.jpeg,C:\Codex\AZCS Inventory\Images\Tucker images\12021-C.jpeg
SORBO-SQ10-FXD,"Complete Squeegee w/ Fixed Handle & Quicksilver Channel - 10""",Tucker > Catalog,Catalog,SORBO-SQ10-FXD.jpeg,C:\Codex\AZCS Inventory\Images\Tucker images\SORBO-SQ10-FXD.jpeg
SORBO-SQ14-FXD,"Complete Squeegee w/ Fixed Handle & Quicksilver Channel - 14""",Tucker > Catalog,Catalog,SORBO-SQ14-FXD.jpeg,C:\Codex\AZCS Inventory\Images\Tucker images\SORBO-SQ14-FXD.jpeg
SORBO-SQ18-FXD,"Complete Squeegee w/ Fixed Handle & Quicksilver Channel - 18""",Tucker > Catalog,Catalog,SORBO-SQ18-FXD.jpeg,C:\Codex\AZCS Inventory\Images\Tucker images\SORBO-SQ18-FXD.jpeg
SORBO-SQ6-FXD,"Complete Squeegee w/ Fixed Handle & Quicksilver Channel - 6""",Tucker > Catalog,Catalog,SORBO-SQ6-FXD.jpeg,C:\Codex\AZCS Inventory\Images\Tucker images\SORBO-SQ6-FXD.jpeg
SORBO-SQ10-SWV,"Complete Squeegee w/ Swivel Handle & Quicksilver Channel - 10""",Tucker > Catalog,Catalog,SORBO-SQ10-SWV.jpeg,C:\Codex\AZCS Inventory\Images\Tucker images\SORBO-SQ10-SWV.jpeg
SORBO-SQ14-SWV,"Complete Squeegee w/ Swivel Handle & Quicksilver Channel - 14""",Tucker > Catalog,Catalog,SORBO-SQ14-SWV.jpeg,C:\Codex\AZCS Inventory\Images\Tucker images\SORBO-SQ14-SWV.jpeg
SORBO-SQ18-SWV,"Complete Squeegee w/ Swivel Handle & Quicksilver Channel - 18""",Tucker > Catalog,Catalog,SORBO-SQ18-SWV.jpeg,C:\Codex\AZCS Inventory\Images\Tucker images\SORBO-SQ18-SWV.jpeg
SORBO-SQ6-SWV,"Complete Squeegee w/ Swivel Handle & Quicksilver Channel - 6""",Tucker > Catalog,Catalog,SORBO-SQ6-SWV.jpeg,C:\Codex\AZCS Inventory\Images\Tucker images\SORBO-SQ6-SWV.jpeg
T-1000-004,DI Filter Bracket,Tucker > Pure Water Systems,Pure Water Systems,T-1000-004.png,C:\Codex\AZCS Inventory\Images\Tucker images\T-1000-004.png
20066-DI,DI Insert for 30in DI Housing,Tucker > Catalog,Catalog,20066-DI.png,C:\Codex\AZCS Inventory\Images\Tucker images\20066-DI.png
20016,DI Refill Bags 2,Tucker > Catalog,Catalog,20016.png,C:\Codex\AZCS Inventory\Images\Tucker images\20016.png
80004-PLUS,Digital Flow Controller w/ antenna,Tucker > Catalog,Catalog,80004-PLUS.png,C:\Codex\AZCS Inventory\Images\Tucker images\80004-PLUS.png
20051-RO,DISCONTINUED - 21in Max-Flow Reverse Osmosis Membrane,Tucker > Pure Water Systems,Pure Water Systems,20051-RO.png,C:\Codex\AZCS Inventory\Images\Tucker images\20051-RO.png
10070-12-REMOTE,DIY Delivery Panel w/ Remote,Tucker > Catalog,Catalog,10070-12-REMOTE.png,C:\Codex\AZCS Inventory\Images\Tucker images\10070-12-REMOTE.png
10070-BOOST,DIY RO BOOST PANEL,Tucker > Catalog,Catalog,10070-BOOST.jpeg,C:\Codex\AZCS Inventory\Images\Tucker images\10070-BOOST.jpeg
T-5BR-CF,End Cap for 25' Tucker Carbon Fiber Pole,Tucker > Water Fed Pole Parts,Water Fed Pole Parts,T-5BR-CF.png,C:\Codex\AZCS Inventory\Images\Tucker images\T-5BR-CF.png
T-7BR-CF,End Cap for 35' Tucker Carbon Fiber Pole,Tucker > Water Fed Pole Parts,Water Fed Pole Parts,T-7BR-CF.png,C:\Codex\AZCS Inventory\Images\Tucker images\T-7BR-CF.png
T-9BR-CF,End Cap for 50' Tucker Carbon Fiber Pole,Tucker > Water Fed Pole Parts,Water Fed Pole Parts,T-9BR-CF.png,C:\Codex\AZCS Inventory\Images\Tucker images\T-9BR-CF.png
T-10BR-CF,End Cap for 60' Tucker Carbon Fiber Pole,Tucker > Water Fed Pole Parts,Water Fed Pole Parts,T-10BR-CF.png,C:\Codex\AZCS Inventory\Images\Tucker images\T-10BR-CF.png
T-3BR-CF,End Cap for ECO-15,Tucker > Catalog,Catalog,T-3BR-CF.png,C:\Codex\AZCS Inventory\Images\Tucker images\T-3BR-CF.png
T-4BR-CF,End Cap for Tucker Carbon Fiber Pole,Tucker > Water Fed Pole Parts,Water Fed Pole Parts,T-4BR-CF.png,C:\Codex\AZCS Inventory\Images\Tucker images\T-4BR-CF.png
T-SOCKET-90,"EURO Brush Socket, Black",Tucker > Accessories,Accessories,T-SOCKET-90.png,C:\Codex\AZCS Inventory\Images\Tucker images\T-SOCKET-90.png
T-DIAL-ASSEMBLY,EZ Dial Clamp Adjuster,Tucker > Water Fed Pole Parts,Water Fed Pole Parts,T-DIAL-ASSEMBLY.png,C:\Codex\AZCS Inventory\Images\Tucker images\T-DIAL-ASSEMBLY.png
20001-E-UGK,EZ RO Conversion kit,Tucker > Catalog,Catalog,20001-E-UGK.png,C:\Codex\AZCS Inventory\Images\Tucker images\20001-E-UGK.png
T-GN-ADJ-FEMALE,Female end of adjustable Tucker Gooseneck,Tucker > Accessories,Accessories,T-GN-ADJ-FEMALE.png,C:\Codex\AZCS Inventory\Images\Tucker images\T-GN-ADJ-FEMALE.png
T-FG-EXT-WC,FG Pole Extension #10 Section,Tucker > Water Fed Pole Parts,Water Fed Pole Parts,T-FG-EXT-WC.png,C:\Codex\AZCS Inventory\Images\Tucker images\T-FG-EXT-WC.png
10041-KIT,Fitting Kit,Tucker > Accessories,Accessories,10041-KIT.png,C:\Codex\AZCS Inventory\Images\Tucker images\10041-KIT.png
T-CART-REPAIR-KIT,Fittings Repair Kit,Tucker > Accessories,Accessories,T-CART-REPAIR-KIT.png,C:\Codex\AZCS Inventory\Images\Tucker images\T-CART-REPAIR-KIT.png
T-FUNNEL,Funnel for resin tank refill 10X2,Tucker > Catalog,Catalog,T-FUNNEL.png,C:\Codex\AZCS Inventory\Images\Tucker images\T-FUNNEL.png
60040,Garden Hose Quick Connect FEMALE w/ valve,Tucker > Accessories,Accessories,60040.png,C:\Codex\AZCS Inventory\Images\Tucker images\60040.png
12026,GFCI Plug,Tucker > Catalog,Catalog,12026.png,C:\Codex\AZCS Inventory\Images\Tucker images\12026.png
UGK-20ALPHA-SOLAR-GL,Glide Bristle Upgrade For 20 Alpha Solar,Tucker > Catalog,Catalog,UGK-20ALPHA-SOLAR-GL.png,C:\Codex\AZCS Inventory\Images\Tucker images\UGK-20ALPHA-SOLAR-GL.png
T-KNOB-ASY,Gooseneck Knob Assembly,Tucker > Accessories,Accessories,T-KNOB-ASY.png,C:\Codex\AZCS Inventory\Images\Tucker images\T-KNOB-ASY.png
T-BOAB-GRY,Grey Bucket on a Belt,Tucker > Catalog,Catalog,T-BOAB-GRY.png,C:\Codex\AZCS Inventory\Images\Tucker images\T-BOAB-GRY.png
T-20-MOBI-C,H2Go w/ Remote,Tucker > Catalog,Catalog,T-20-MOBI-C.jpeg,C:\Codex\AZCS Inventory\Images\Tucker images\T-20-MOBI-C.jpeg
10041-110V-SS,H2PRO 3 Stage (110v),Tucker > Pure Water Systems,Pure Water Systems,10041-110V-SS.png,C:\Codex\AZCS Inventory\Images\Tucker images\10041-110V-SS.png
T-H2PRO-DIS-REPLACEMENT,H2PRO DI Saver Replacement,Tucker > Pure Water Systems,Pure Water Systems,T-H2PRO-DIS-REPLACEMENT.jpeg,C:\Codex\AZCS Inventory\Images\Tucker images\T-H2PRO-DIS-REPLACEMENT.jpeg
T-SOLAR-10041,H2Pro Kit for Solar Panel Cleaning,Tucker > Pure Water Systems,Pure Water Systems,T-SOLAR-10041.png,C:\Codex\AZCS Inventory\Images\Tucker images\T-SOLAR-10041.png
10041-110V-KIT-15,H2Pro Kit w/ Junior and Hose Reel,Tucker > Pure Water Systems,Pure Water Systems,10041-110V-KIT-15.png,C:\Codex\AZCS Inventory\Images\Tucker images\10041-110V-KIT-15.png
10041-110V-KIT-30,H2Pro Kit w/ Tucker-30 and Hose Reel,Tucker > Pure Water Systems,Pure Water Systems,10041-110V-KIT-30.png,C:\Codex\AZCS Inventory\Images\Tucker images\10041-110V-KIT-30.png
80005,Handheld TDS Meter,Tucker > Catalog,Catalog,80005.png,C:\Codex\AZCS Inventory\Images\Tucker images\80005.png
T-TNK-HND-COMPLETE,Handle for 1/2 cubic foot DI Tank (assembled),Tucker > Catalog,Catalog,T-TNK-HND-COMPLETE.png,C:\Codex\AZCS Inventory\Images\Tucker images\T-TNK-HND-COMPLETE.png
65000,"Handle, Plastic Tapered",Tucker > Catalog,Catalog,65000.png,C:\Codex\AZCS Inventory\Images\Tucker images\65000.png
UGK-20ALPHA-SOLAR-HB,Honey Badger Upgrade For 20 Alpha Solar,Tucker > Catalog,Catalog,UGK-20ALPHA-SOLAR-HB.jpeg,C:\Codex\AZCS Inventory\Images\Tucker images\UGK-20ALPHA-SOLAR-HB.jpeg
12037,Hose Barb Straight 1/2 JG to 3/4,Tucker > Accessories,Accessories,12037.png,C:\Codex\AZCS Inventory\Images\Tucker images\12037.png
T-INLINE-GAUGE,Inline Pressure Gauge,Tucker > Accessories,Accessories,T-INLINE-GAUGE.png,C:\Codex\AZCS Inventory\Images\Tucker images\T-INLINE-GAUGE.png
80012,In-line TDS Meter Single Probe,Tucker > Catalog,Catalog,80012.png,C:\Codex\AZCS Inventory\Images\Tucker images\80012.png
T-ALPHA-SIMUL-KIT,Jet and Rinse Bar Simultaneous Operation Kit for Alpha Brushes,Tucker > Accessories,Accessories,T-ALPHA-SIMUL-KIT.png,C:\Codex\AZCS Inventory\Images\Tucker images\T-ALPHA-SIMUL-KIT.png
12012,Large Battery Box,Tucker > Catalog,Catalog,12012.jpeg,C:\Codex\AZCS Inventory\Images\Tucker images\12012.jpeg
LOCT-BTN,Locking button pin for LOCT system,Tucker > Catalog,Catalog,LOCT-BTN.jpeg,C:\Codex\AZCS Inventory\Images\Tucker images\LOCT-BTN.jpeg
T-GN-V2-LT,LOCT Adjustable Tucker Gooseneck w/ Quick Release for #1 Clamp,Tucker > Water Fed Pole Parts,Water Fed Pole Parts,T-GN-V2-LT.jpeg,C:\Codex\AZCS Inventory\Images\Tucker images\T-GN-V2-LT.jpeg
T-BRUSH-LOCT,"Loct Brush Socket, Black",Tucker > Accessories,Accessories,T-BRUSH-LOCT.jpeg,C:\Codex\AZCS Inventory\Images\Tucker images\T-BRUSH-LOCT.jpeg
T-GN-ADJ-LOCT,LOCT end of adjustable Tucker Gooseneck,Tucker > Accessories,Accessories,T-GN-ADJ-LOCT.jpeg,C:\Codex\AZCS Inventory\Images\Tucker images\T-GN-ADJ-LOCT.jpeg
40001-V2-LT,LOCT Reach Around Gooseneck w/ Quick Release for #1 Clamp,Tucker > Water Fed Pole Parts,Water Fed Pole Parts,40001-V2-LT.jpeg,C:\Codex\AZCS Inventory\Images\Tucker images\40001-V2-LT.jpeg
T-LOCT-TIP,LOCT Tip for #1 Clamp,Tucker > Water Fed Pole Parts,Water Fed Pole Parts,T-LOCT-TIP.jpeg,C:\Codex\AZCS Inventory\Images\Tucker images\T-LOCT-TIP.jpeg
T-LUBE,Lubricant Packet,Tucker > Catalog,Catalog,T-LUBE.png,C:\Codex\AZCS Inventory\Images\Tucker images\T-LUBE.png
60040-005,Male and Female Quick connect for pole hose and garden hose,Tucker > Water Fed Pole Parts,Water Fed Pole Parts,60040-005.png,C:\Codex\AZCS Inventory\Images\Tucker images\60040-005.png
MO-MANIFOLD,Manifold for Max output,Tucker > Catalog,Catalog,MO-MANIFOLD.png,C:\Codex\AZCS Inventory\Images\Tucker images\MO-MANIFOLD.png
T-MO-110,Max Output 110v Complete,Tucker > Catalog,Catalog,T-MO-110.jpeg,C:\Codex\AZCS Inventory\Images\Tucker images\T-MO-110.jpeg
H2PROWP,Tucker H2Pro WP,Tucker > Pure Water Systems,Pure Water Systems,10041-SS.jpeg,C:\Codex\AZCS Inventory\Images\Tucker images\10041-SS.jpeg
12GL-LT-PP,"NEW Tucker Standard Size Glide Brush w/ Loct fitting, Quad Pencil Jets",Tucker > Accessories,Accessories,12GL-LT-PP.png,C:\Codex\AZCS Inventory\Images\Tucker images\12GL-LT-PP.png
12HB-LT-PP,"NEW Tucker Standard Size Honey Badger Brush w/ Loct fitting, Quad Pencil Jets",Tucker > Accessories,Accessories,12HB-LT-PP.jpeg,C:\Codex\AZCS Inventory\Images\Tucker images\12HB-LT-PP.jpeg
18GL-LT-PP,"NEW Tucker XL Size Glide Brush w/ Loct fitting, Quad Pencil Jets",Tucker > Accessories,Accessories,18GL-LT-PP.png,C:\Codex\AZCS Inventory\Images\Tucker images\18GL-LT-PP.png
18HB-LT-PP,"NEW Tucker XL Size Honey Badger Brush w/ Loct fitting, Quad Pencil Jets",Tucker > Accessories,Accessories,18HB-LT-PP.jpeg,C:\Codex\AZCS Inventory\Images\Tucker images\18HB-LT-PP.jpeg
T-T1-V2-COMPLETE,No 1 Clamp w/ all hardware Tucker® V2,Tucker > Water Fed Pole Parts,Water Fed Pole Parts,T-T1-V2-COMPLETE.png,C:\Codex\AZCS Inventory\Images\Tucker images\T-T1-V2-COMPLETE.png
T-T10-V2-COMPLETE,No 10 Clamp w/ all hardware Tucker® V2,Tucker > Water Fed Pole Parts,Water Fed Pole Parts,T-T10-V2-COMPLETE.jpeg,C:\Codex\AZCS Inventory\Images\Tucker images\T-T10-V2-COMPLETE.jpeg
T-T2-V2-COMPLETE,No 2 Clamp w/ all hardware Tucker® V2,Tucker > Water Fed Pole Parts,Water Fed Pole Parts,T-T2-V2-COMPLETE.png,C:\Codex\AZCS Inventory\Images\Tucker images\T-T2-V2-COMPLETE.png
T-T3-V2-COMPLETE,No 3 Clamp w/ all hardware Tucker® V2,Tucker > Water Fed Pole Parts,Water Fed Pole Parts,T-T3-V2-COMPLETE.png,C:\Codex\AZCS Inventory\Images\Tucker images\T-T3-V2-COMPLETE.png
T-T4-V2-COMPLETE,No 4 Clamp w/ all hardware Tucker® V2,Tucker > Water Fed Pole Parts,Water Fed Pole Parts,T-T4-V2-COMPLETE.png,C:\Codex\AZCS Inventory\Images\Tucker images\T-T4-V2-COMPLETE.png
T-T5-V2-COMPLETE,No 5 Clamp w/ all hardware Tucker® V2,Tucker > Water Fed Pole Parts,Water Fed Pole Parts,T-T5-V2-COMPLETE.png,C:\Codex\AZCS Inventory\Images\Tucker images\T-T5-V2-COMPLETE.png
T-T6-V2-COMPLETE,No 6 Clamp w/ all hardware Tucker® V2,Tucker > Water Fed Pole Parts,Water Fed Pole Parts,T-T6-V2-COMPLETE.png,C:\Codex\AZCS Inventory\Images\Tucker images\T-T6-V2-COMPLETE.png
T-T7-V2-COMPLETE,No 7 Clamp w/ all hardware Tucker® V2,Tucker > Water Fed Pole Parts,Water Fed Pole Parts,T-T7-V2-COMPLETE.png,C:\Codex\AZCS Inventory\Images\Tucker images\T-T7-V2-COMPLETE.png
T-T8-V2-COMPLETE,No 8 Clamp w/ all hardware Tucker® V2,Tucker > Water Fed Pole Parts,Water Fed Pole Parts,T-T8-V2-COMPLETE.png,C:\Codex\AZCS Inventory\Images\Tucker images\T-T8-V2-COMPLETE.png
T-T9-V2-COMPLETE,No 9 Clamp w/ all hardware Tucker® V2,Tucker > Water Fed Pole Parts,Water Fed Pole Parts,T-T9-V2-COMPLETE.png,C:\Codex\AZCS Inventory\Images\Tucker images\T-T9-V2-COMPLETE.png
T-WHEEL-NF,No Flat Wheel,Tucker > Catalog,Catalog,T-WHEEL-NF.png,C:\Codex\AZCS Inventory\Images\Tucker images\T-WHEEL-NF.png
T-NOFLAT-KIT,No Flat Wheel Retrofit Kit w/ 2 bolts and 2 split washers,Tucker > Catalog,Catalog,T-NOFLAT-KIT.png,C:\Codex\AZCS Inventory\Images\Tucker images\T-NOFLAT-KIT.png
20067-SMALL,"O-ring for 2.5"" Housing",Tucker > Catalog,Catalog,20067-SMALL.png,C:\Codex\AZCS Inventory\Images\Tucker images\20067-SMALL.png
20067-LARGE,"O-ring for 4.5"" Housing",Tucker > Catalog,Catalog,20067-LARGE.png,C:\Codex\AZCS Inventory\Images\Tucker images\20067-LARGE.png
20063,O-ring for serviceable housing insert,Tucker > Catalog,Catalog,20063.png,C:\Codex\AZCS Inventory\Images\Tucker images\20063.png
T-VELCRO-10X2,"Pair of 2""x10"" Velcro Strips",Tucker > Catalog,Catalog,T-VELCRO-10X2.png,C:\Codex\AZCS Inventory\Images\Tucker images\T-VELCRO-10X2.png
T-VELCRO-16X2,"Pair of 2""x16"" Velcro Strips",Tucker > Catalog,Catalog,T-VELCRO-16X2.png,C:\Codex\AZCS Inventory\Images\Tucker images\T-VELCRO-16X2.png
50006-PS,Pair Small Diameter Pencil Jet,Tucker > Catalog,Catalog,50006-PS.png,C:\Codex\AZCS Inventory\Images\Tucker images\50006-PS.png
20019,Pigtail Inlet,Tucker > Catalog,Catalog,20019.png,C:\Codex\AZCS Inventory\Images\Tucker images\20019.png
20028,Pigtail Inlet/Outlet Kit,Tucker > Catalog,Catalog,20028.png,C:\Codex\AZCS Inventory\Images\Tucker images\20028.png
20020,Pigtail Outlet,Tucker > Catalog,Catalog,20020.png,C:\Codex\AZCS Inventory\Images\Tucker images\20020.png
T-EURO-TIP-PLASTIC,Plastic Euro Tip for #1 Clamp,Tucker > Water Fed Pole Parts,Water Fed Pole Parts,T-EURO-TIP-PLASTIC.png,C:\Codex\AZCS Inventory\Images\Tucker images\T-EURO-TIP-PLASTIC.png
12009-NUT,Plastic Nut for Strain Relief,Tucker > Catalog,Catalog,12009-NUT.jpeg,C:\Codex\AZCS Inventory\Images\Tucker images\12009-NUT.jpeg
T-OTT-XL-V2-P,Plastic Rinse Bar XL,Tucker > Catalog,Catalog,T-OTT-XL-V2-P.png,C:\Codex\AZCS Inventory\Images\Tucker images\T-OTT-XL-V2-P.png
12003,Pressure Regulator 5 1/2 Ports,Tucker > Catalog,Catalog,12003.png,C:\Codex\AZCS Inventory\Images\Tucker images\12003.png
40015,Reach Around ACME Piece,Tucker > Catalog,Catalog,40015.png,C:\Codex\AZCS Inventory\Images\Tucker images\40015.png
40001-V1,Reach Around Gooseneck,Tucker > Accessories,Accessories,40001-V1.png,C:\Codex\AZCS Inventory\Images\Tucker images\40001-V1.png
40001-V2,Reach Around Gooseneck w/ Quick Release for #1 Clamp,Tucker > Water Fed Pole Parts,Water Fed Pole Parts,40001-V2.png,C:\Codex\AZCS Inventory\Images\Tucker images\40001-V2.png
T-RB,Reel Base for Tucker® Reels,Tucker > Accessories,Accessories,T-RB.png,C:\Codex\AZCS Inventory\Images\Tucker images\T-RB.png
12030,Remote Control - One Shot,Tucker > Catalog,Catalog,12030.png,C:\Codex\AZCS Inventory\Images\Tucker images\12030.png
80004-FOB,Remote Fob for Digital Flow Controller,Tucker > Catalog,Catalog,80004-FOB.png,C:\Codex\AZCS Inventory\Images\Tucker images\80004-FOB.png
12030-FOB,Remote Fob for ONE SHOT,Tucker > Catalog,Catalog,12030-FOB.png,C:\Codex\AZCS Inventory\Images\Tucker images\12030-FOB.png
80004-BAT,Replacement Battery for Flow Controller,Tucker > Catalog,Catalog,80004-BAT.png,C:\Codex\AZCS Inventory\Images\Tucker images\80004-BAT.png
RIVAL-BY-TUCKER®-WATER-FED-POLE-SYSTEM---BASI,RIVAL by Tucker® Water Fed Pole System - Basic 4-Stage Kit,Tucker > Pure Water Systems,Pure Water Systems,RIVAL-BY-TUCKER®-WATER-FED-POLE-SYSTEM---BASI.png,C:\Codex\AZCS Inventory\Images\Tucker images\RIVAL-BY-TUCKER®-WATER-FED-POLE-SYSTEM---BASI.png
T-CART-RIVAL,Tucker Rival RO/DI Cart,Tucker > Pure Water Systems,Pure Water Systems,T-CART-RIVAL-V2.jpeg,C:\Codex\AZCS Inventory\Images\Tucker images\T-CART-RIVAL-V2.jpeg
T-V2-DIS-UGK,Rival V2 DI Saver Upgrade Kit,Tucker > Pure Water Systems,Pure Water Systems,T-V2-DIS-UGK.jpeg,C:\Codex\AZCS Inventory\Images\Tucker images\T-V2-DIS-UGK.jpeg
T-RIVAL+DIY,RIVAL+ stage DIY KIT,Tucker > Pure Water Systems,Pure Water Systems,T-RIVAL+DIY.png,C:\Codex\AZCS Inventory\Images\Tucker images\T-RIVAL+DIY.png
20000,RO PRESERVE,Tucker > Catalog,Catalog,20000.png,C:\Codex\AZCS Inventory\Images\Tucker images\20000.png
12005,Rotary Vein Pump,Tucker > Pure Water Systems,Pure Water Systems,12005.png,C:\Codex\AZCS Inventory\Images\Tucker images\12005.png
63050,Rubber Foot,Tucker > Catalog,Catalog,63050.png,C:\Codex\AZCS Inventory\Images\Tucker images\63050.png
12021-A-SS,Saddle Clamp for SS Housing,Tucker > Water Fed Pole Parts,Water Fed Pole Parts,12021-A-SS.png,C:\Codex\AZCS Inventory\Images\Tucker images\12021-A-SS.png
20062-SS,Serviceable Housing Insert w/ ALL o-rings for SS Housing,Tucker > Catalog,Catalog,20062-SS.png,C:\Codex\AZCS Inventory\Images\Tucker images\20062-SS.png
T-GN-ADJ-V2,Shaft end of adjustable Tucker Gooseneck,Tucker > Accessories,Accessories,T-GN-ADJ-V2.png,C:\Codex\AZCS Inventory\Images\Tucker images\T-GN-ADJ-V2.png
12007,Single Pole Switch,Tucker > Water Fed Pole Parts,Water Fed Pole Parts,12007.png,C:\Codex\AZCS Inventory\Images\Tucker images\12007.png
10700-WALL-110-KIT-40,Skid Mount (110v) Kit w/ Tucker 40 and Hose Reel,Tucker > Accessories,Accessories,10700-WALL-110-KIT-40.png,C:\Codex\AZCS Inventory\Images\Tucker images\10700-WALL-110-KIT-40.png
10700-WALL-12-KIT-40,Skid Mount (12v) Kit w/ Tucker 40 and Hose Reel,Tucker > Accessories,Accessories,10700-WALL-12-KIT-40.png,C:\Codex\AZCS Inventory\Images\Tucker images\10700-WALL-12-KIT-40.png
10700-WALL-12-KIT-50,Skid Mount (12v) Kit w/ Tucker 50HM and Hose Reel,Tucker > Accessories,Accessories,10700-WALL-12-KIT-50.png,C:\Codex\AZCS Inventory\Images\Tucker images\10700-WALL-12-KIT-50.png
20036-SM,Small Filter Wrench - 2.5in Housings,Tucker > Pure Water Systems,Pure Water Systems,20036-SM.png,C:\Codex\AZCS Inventory\Images\Tucker images\20036-SM.png
12033-WE,Smart Wash Delivery Pump w/ 2 90 degree elbows,Tucker > Pure Water Systems,Pure Water Systems,12033-WE.png,C:\Codex\AZCS Inventory\Images\Tucker images\12033-WE.png
T-20ALPHA-SOLAR,Solar Alpha 20,Tucker > Catalog,Catalog,T-20ALPHA-SOLAR.jpeg,C:\Codex\AZCS Inventory\Images\Tucker images\T-20ALPHA-SOLAR.jpeg
T-20ALPHA-SOLAR-HB,Solar Alpha 20 Honey Badger,Tucker > Catalog,Catalog,T-20ALPHA-SOLAR-HB.jpeg,C:\Codex\AZCS Inventory\Images\Tucker images\T-20ALPHA-SOLAR-HB.jpeg
T-32ALPHA-SOLAR-HB,Solar Alpha 32 Honey Badger,Tucker > Catalog,Catalog,T-32ALPHA-SOLAR-HB.png,C:\Codex\AZCS Inventory\Images\Tucker images\T-32ALPHA-SOLAR-HB.png
SOLAR-BOOST-BARE,Solar Boost 27 - BARE POLE (no tips included),Tucker > Water Fed Pole Parts,Water Fed Pole Parts,SOLAR-BOOST-BARE.png,C:\Codex\AZCS Inventory\Images\Tucker images\SOLAR-BOOST-BARE.png
SOLAR-BOOST-COMPLETE,Solar Boost 27 w/ Alpha solar brush,Tucker > Accessories,Accessories,SOLAR-BOOST-COMPLETE.jpeg,C:\Codex\AZCS Inventory\Images\Tucker images\SOLAR-BOOST-COMPLETE.jpeg
SORBO-3009,"Sorbo 14"" Yellow Jacket Washer Sleeve w/ Full length Velcro Closure",Tucker > Catalog,Catalog,SORBO-3009.png,C:\Codex\AZCS Inventory\Images\Tucker images\SORBO-3009.png
SORBO-3004,"Sorbo 18"" Yellow Jacket Washer Sleeve w/ Brass Snaps",Tucker > Catalog,Catalog,SORBO-3004.png,C:\Codex\AZCS Inventory\Images\Tucker images\SORBO-3004.png
SORBO-3010,"Sorbo 18"" Yellow Jacket Washer Sleeve w/ Full length Velcro Closure",Tucker > Catalog,Catalog,SORBO-3010.png,C:\Codex\AZCS Inventory\Images\Tucker images\SORBO-3010.png
SORBO-3001,"Sorbo 6"" Yellow Jacket Washer Sleeve w/ Brass Snaps",Tucker > Catalog,Catalog,SORBO-3001.png,C:\Codex\AZCS Inventory\Images\Tucker images\SORBO-3001.png
SORBO-1491,"Sorbo 10"" Rubber - Soft",Tucker > Catalog,Catalog,SORBO-1491.png,C:\Codex\AZCS Inventory\Images\Tucker images\SORBO-1491.png
SORBO-1497,"Sorbo 14"" Rubber - Soft",Tucker > Catalog,Catalog,SORBO-1497.png,C:\Codex\AZCS Inventory\Images\Tucker images\SORBO-1497.png
SORBO-1961F,"Sorbo 14"" Washer T-Bar Only - Aluminum Tubing (Fixed)",Tucker > Catalog,Catalog,SORBO-1961F.png,C:\Codex\AZCS Inventory\Images\Tucker images\SORBO-1961F.png
SORBO-1961,"Sorbo 14"" Washer T-Bar Only - Aluminum Tubing (Swivel)",Tucker > Catalog,Catalog,SORBO-1961.png,C:\Codex\AZCS Inventory\Images\Tucker images\SORBO-1961.png
SORBO-1503,"Sorbo 18"" Rubber - Soft",Tucker > Catalog,Catalog,SORBO-1503.png,C:\Codex\AZCS Inventory\Images\Tucker images\SORBO-1503.png
SORBO-1962F,"Sorbo 18"" Washer T-Bar Only - Aluminum Tubing (Fixed)",Tucker > Catalog,Catalog,SORBO-1962F.png,C:\Codex\AZCS Inventory\Images\Tucker images\SORBO-1962F.png
SORBO-1962,"Sorbo 18"" Washer T-Bar Only - Aluminum Tubing (Swivel)",Tucker > Catalog,Catalog,SORBO-1962.png,C:\Codex\AZCS Inventory\Images\Tucker images\SORBO-1962.png
SORBO-1485,"Sorbo 6"" Rubber - Soft",Tucker > Catalog,Catalog,SORBO-1485.png,C:\Codex\AZCS Inventory\Images\Tucker images\SORBO-1485.png
SORBO-1956F,"Sorbo 6"" Washer T-Bar Only - Aluminum Tubing (Fixed)",Tucker > Catalog,Catalog,SORBO-1956F.png,C:\Codex\AZCS Inventory\Images\Tucker images\SORBO-1956F.png
SORBO-1956,"Sorbo 6"" Washer T-Bar Only - Aluminum Tubing (Swivel)",Tucker > Catalog,Catalog,SORBO-1956.png,C:\Codex\AZCS Inventory\Images\Tucker images\SORBO-1956.png
SORBO-1375,Sorbo Aluminum Handle Fixed,Tucker > Catalog,Catalog,SORBO-1375.png,C:\Codex\AZCS Inventory\Images\Tucker images\SORBO-1375.png
SORBO-1990,Sorbo Belt with Three Loops,Tucker > Catalog,Catalog,SORBO-1990.png,C:\Codex\AZCS Inventory\Images\Tucker images\SORBO-1990.png
SORBO-1979,Sorbo End Clips 90 degree & 40 degree Squeegee Ends (12 Pack),Tucker > Catalog,Catalog,SORBO-1979.jpeg,C:\Codex\AZCS Inventory\Images\Tucker images\SORBO-1979.jpeg
SORBO-2105,Sorbo Glide Lubricant Liquid 1 pint,Tucker > Catalog,Catalog,SORBO-2105.png,C:\Codex\AZCS Inventory\Images\Tucker images\SORBO-2105.png
SORBO-5000,Sorbo Hard Water Stain Remover 5oz,Tucker > Catalog,Catalog,SORBO-5000.png,C:\Codex\AZCS Inventory\Images\Tucker images\SORBO-5000.png
SORBO-1991,"Sorbo Holster For Two Squeegee, Nylon - Black",Tucker > Catalog,Catalog,SORBO-1991.png,C:\Codex\AZCS Inventory\Images\Tucker images\SORBO-1991.png
SORBO-1385,Sorbo Swivel Fast Release - BLACK (Universal),Tucker > Catalog,Catalog,SORBO-1385.png,C:\Codex\AZCS Inventory\Images\Tucker images\SORBO-1385.png
SORBO-TRAD-KIT,Sorbo Trad KIT,Tucker > Catalog,Catalog,SORBO-TRAD-KIT.png,C:\Codex\AZCS Inventory\Images\Tucker images\SORBO-TRAD-KIT.png
HW015,Split Washer for Wheel Bolts,Tucker > Catalog,Catalog,HW015.png,C:\Codex\AZCS Inventory\Images\Tucker images\HW015.png
T-100-PRO-DU,Spot Free 100 Gallon RO/DI Dual User,Tucker > Pure Water Systems,Pure Water Systems,T-100-PRO-DU.png,C:\Codex\AZCS Inventory\Images\Tucker images\T-100-PRO-DU.png
T-12BB,Standard Size Boar Bristle Brush,Tucker > Accessories,Accessories,T-12BB.png,C:\Codex\AZCS Inventory\Images\Tucker images\T-12BB.png
T-12BBH,Standard Size Boar Bristle Brush w/ Head,Tucker > Accessories,Accessories,T-12BBH.png,C:\Codex\AZCS Inventory\Images\Tucker images\T-12BBH.png
T-12HY,Standard Size Hybrid Brush,Tucker > Accessories,Accessories,T-12HY.png,C:\Codex\AZCS Inventory\Images\Tucker images\T-12HY.png
T-12HYH,Standard Size Hybrid Brush w/ Head,Tucker > Accessories,Accessories,T-12HYH.png,C:\Codex\AZCS Inventory\Images\Tucker images\T-12HYH.png
T-OTT-STD-V2,Standard Size Rinse Bar V2,Tucker > Catalog,Catalog,T-OTT-STD-V2.png,C:\Codex\AZCS Inventory\Images\Tucker images\T-OTT-STD-V2.png
T-SW-ASY,Swivel Assembly,Tucker > Catalog,Catalog,T-SW-ASY.png,C:\Codex\AZCS Inventory\Images\Tucker images\T-SW-ASY.png
T-SW-PL,Swivel Gooseneck Brush Plate,Tucker > Accessories,Accessories,T-SW-PL.png,C:\Codex\AZCS Inventory\Images\Tucker images\T-SW-PL.png
92970,"Swivel, Release",Tucker > Catalog,Catalog,92970.png,C:\Codex\AZCS Inventory\Images\Tucker images\92970.png
T1-EURO-UGK,T1-V2 complete clamp w/ plastic euro tip,Tucker > Water Fed Pole Parts,Water Fed Pole Parts,T1-EURO-UGK.png,C:\Codex\AZCS Inventory\Images\Tucker images\T1-EURO-UGK.png
TANK-LID,Tank lid,Tucker > Catalog,Catalog,TANK-LID.png,C:\Codex\AZCS Inventory\Images\Tucker images\TANK-LID.png
T-ULTIMATE-DIY-DU,The Ultimate DIY Kit (Dual User),Tucker > Catalog,Catalog,T-ULTIMATE-DIY-DU.png,C:\Codex\AZCS Inventory\Images\Tucker images\T-ULTIMATE-DIY-DU.png
T-ULTIMATE-DIY-SU,The Ultimate DIY Kit (Single User),Tucker > Catalog,Catalog,T-ULTIMATE-DIY-SU.png,C:\Codex\AZCS Inventory\Images\Tucker images\T-ULTIMATE-DIY-SU.png
T-CLAMPBARREL-THREADED,Threaded Barrel only for clamp body,Tucker > Water Fed Pole Parts,Water Fed Pole Parts,T-CLAMPBARREL-THREADED.png,C:\Codex\AZCS Inventory\Images\Tucker images\T-CLAMPBARREL-THREADED.png
T-10PC-SET,Tucker 10 clamp set w/ euro tip,Tucker > Water Fed Pole Parts,Water Fed Pole Parts,T-10PC-SET.jpeg,C:\Codex\AZCS Inventory\Images\Tucker images\T-10PC-SET.jpeg
T-3PC-SET,Tucker 3 clamp set w/ euro tip,Tucker > Water Fed Pole Parts,Water Fed Pole Parts,T-3PC-SET.jpeg,C:\Codex\AZCS Inventory\Images\Tucker images\T-3PC-SET.jpeg
T-4060,Tucker 4 Stage RO/DI Cart,Tucker > Pure Water Systems,Pure Water Systems,T-4060.jpeg,C:\Codex\AZCS Inventory\Images\Tucker images\T-4060.jpeg
T-5PC-SET,Tucker 5 clamp set w/ euro tip,Tucker > Water Fed Pole Parts,Water Fed Pole Parts,T-5PC-SET.jpeg,C:\Codex\AZCS Inventory\Images\Tucker images\T-5PC-SET.jpeg
T-7PC-SET,Tucker 7 clamp set w/ euro tip,Tucker > Water Fed Pole Parts,Water Fed Pole Parts,T-7PC-SET.jpeg,C:\Codex\AZCS Inventory\Images\Tucker images\T-7PC-SET.jpeg
T-9PC-SET,Tucker 9 clamp set w/ euro tip,Tucker > Water Fed Pole Parts,Water Fed Pole Parts,T-9PC-SET.jpeg,C:\Codex\AZCS Inventory\Images\Tucker images\T-9PC-SET.jpeg
T-BOAB-QR-TW-LH,Tucker Bucket on a Belt w/ QR - Left hand,Tucker > Catalog,Catalog,T-BOAB-QR-TW-LH.png,C:\Codex\AZCS Inventory\Images\Tucker images\T-BOAB-QR-TW-LH.png
T-BOAB-QR-TW,Tucker Bucket on a Belt w/ QR - Right hand,Tucker > Catalog,Catalog,T-BOAB-QR-TW.jpeg,C:\Codex\AZCS Inventory\Images\Tucker images\T-BOAB-QR-TW.jpeg
T-411,Tucker Dual Hose Adapter (for ADH Method),Tucker > Accessories,Accessories,T-411.png,C:\Codex\AZCS Inventory\Images\Tucker images\T-411.png
70009-150,Tucker Hand Carry Hose Reel,Tucker > Accessories,Accessories,70009-150.png,C:\Codex\AZCS Inventory\Images\Tucker images\70009-150.png
70009-BARE,Tucker Hand Carry Hose Reel w/ O Hose,Tucker > Accessories,Accessories,70009-BARE.jpeg,C:\Codex\AZCS Inventory\Images\Tucker images\70009-BARE.jpeg
T-POUCH-TW,Tucker Pouch w/ Quick Release on a Belt,Tucker > Catalog,Catalog,T-POUCH-TW.jpeg,C:\Codex\AZCS Inventory\Images\Tucker images\T-POUCH-TW.jpeg
65000-ARM,Tucker Reel Handle Arm,Tucker > Accessories,Accessories,65000-ARM.jpeg,C:\Codex\AZCS Inventory\Images\Tucker images\65000-ARM.jpeg
T-DI-TANK-HEAD,Tucker® 1 CF DI Tank - HEAD,Tucker > Catalog,Catalog,T-DI-TANK-HEAD.png,C:\Codex\AZCS Inventory\Images\Tucker images\T-DI-TANK-HEAD.png
T-ULTIMATE-KIT-RES,Ultimate Residential Kit,Tucker > Catalog,Catalog,T-ULTIMATE-KIT-RES.png,C:\Codex\AZCS Inventory\Images\Tucker images\T-ULTIMATE-KIT-RES.png
T-DI-TANK-1035-STD,Tucker® 1 CF DI Tank w/ standard head,Tucker > Catalog,Catalog,T-DI-TANK-1035-STD.png,C:\Codex\AZCS Inventory\Images\Tucker images\T-DI-TANK-1035-STD.png
12025-V2,Tucker® 110v Booster Pump System,Tucker > Pure Water Systems,Pure Water Systems,12025-V2.jpeg,C:\Codex\AZCS Inventory\Images\Tucker images\12025-V2.jpeg
T-BRAVO-BARE,Tucker® 22' Hybrid BARE POLE (no tips included),Tucker > Water Fed Pole Parts,Water Fed Pole Parts,T-BRAVO-BARE.png,C:\Codex\AZCS Inventory\Images\Tucker images\T-BRAVO-BARE.png
TUCKER-30,Tucker® 30 Carbon Fiber Pole,Tucker > Water Fed Pole Parts,Water Fed Pole Parts,TUCKER-30.jpeg,C:\Codex\AZCS Inventory\Images\Tucker images\TUCKER-30.jpeg
ECO-30-BARE-ACME,Tucker® 30 Trad,Tucker > Catalog,Catalog,ECO-30-BARE-ACME.png,C:\Codex\AZCS Inventory\Images\Tucker images\ECO-30-BARE-ACME.png
T-CPT-4,Tucker® 4 Stage Compact RO/DI,Tucker > Pure Water Systems,Pure Water Systems,T-CPT-4.jpeg,C:\Codex\AZCS Inventory\Images\Tucker images\T-CPT-4.jpeg
TUCKER-40,Tucker® 40 Carbon Fiber Pole,Tucker > Water Fed Pole Parts,Water Fed Pole Parts,TUCKER-40.jpeg,C:\Codex\AZCS Inventory\Images\Tucker images\TUCKER-40.jpeg
T-12ALPHA-GL-STD,Tucker® Alpha Glide,Tucker > Catalog,Catalog,T-12ALPHA-GL-STD.png,C:\Codex\AZCS Inventory\Images\Tucker images\T-12ALPHA-GL-STD.png
T-18ALPHA-GL,Tucker® Alpha Glide XL,Tucker > Catalog,Catalog,T-18ALPHA-GL.png,C:\Codex\AZCS Inventory\Images\Tucker images\T-18ALPHA-GL.png
T-12ALPHA-HB-STD,Tucker® Alpha Honey Badger,Tucker > Catalog,Catalog,T-12ALPHA-HB-STD.jpeg,C:\Codex\AZCS Inventory\Images\Tucker images\T-12ALPHA-HB-STD.jpeg
T-18ALPHA-HB,Tucker® Alpha Honey Badger XL,Tucker > Catalog,Catalog,T-18ALPHA-HB.jpeg,C:\Codex\AZCS Inventory\Images\Tucker images\T-18ALPHA-HB.jpeg
T-BRAVO-BARE-ACME,Tucker® Bravo Trad,Tucker > Catalog,Catalog,T-BRAVO-BARE-ACME.png,C:\Codex\AZCS Inventory\Images\Tucker images\T-BRAVO-BARE-ACME.png
TUCKER®-CARBON-FIBER-GOOSENECKS,Tucker® Carbon Fiber Goosenecks,Tucker > Accessories,Accessories,TUCKER®-CARBON-FIBER-GOOSENECKS.png,C:\Codex\AZCS Inventory\Images\Tucker images\TUCKER®-CARBON-FIBER-GOOSENECKS.png
T-DI-TANK-935-KIT,Tucker® DI Tank 1 Cube KIT,Tucker > Catalog,Catalog,T-DI-TANK-935-KIT.png,C:\Codex\AZCS Inventory\Images\Tucker images\T-DI-TANK-935-KIT.png
20007-10,Tucker® DI Virgin Resin - 10 Bags,Tucker > Catalog,Catalog,20007-10.png,C:\Codex\AZCS Inventory\Images\Tucker images\20007-10.png
12FT-BLUE,Tucker® Full Trim Blue Standard Size,Tucker > Catalog,Catalog,12FT-BLUE.png,C:\Codex\AZCS Inventory\Images\Tucker images\12FT-BLUE.png
T-HP-KIT-BRAVO,Tucker® Handy Pure Kit w/ Bravo,Tucker > Catalog,Catalog,T-HP-KIT-BRAVO.png,C:\Codex\AZCS Inventory\Images\Tucker images\T-HP-KIT-BRAVO.png
T-HP-KIT-BRAVO-SC,Tucker® Handy Pure w/ Bravo Kit & Screen Cleaner,Tucker > Catalog,Catalog,T-HP-KIT-BRAVO-SC.png,C:\Codex\AZCS Inventory\Images\Tucker images\T-HP-KIT-BRAVO-SC.png
T-HANDYPURE,Tucker® HandyPure KIT,Tucker > Catalog,Catalog,T-HANDYPURE.jpeg,C:\Codex\AZCS Inventory\Images\Tucker images\T-HANDYPURE.jpeg
T-HANDYPURE-EMPTY,Tucker® HandyPure Tank (Empty),Tucker > Catalog,Catalog,T-HANDYPURE-EMPTY.jpeg,C:\Codex\AZCS Inventory\Images\Tucker images\T-HANDYPURE-EMPTY.jpeg
TUCKER-50HM,Tucker® High Modulus 50,Tucker > Catalog,Catalog,TUCKER-50HM.jpeg,C:\Codex\AZCS Inventory\Images\Tucker images\TUCKER-50HM.jpeg
TUCKER-15,Tucker® JUNIOR Hybrid Pole,Tucker > Water Fed Pole Parts,Water Fed Pole Parts,TUCKER-15.jpeg,C:\Codex\AZCS Inventory\Images\Tucker images\TUCKER-15.jpeg
ECO-15-BARE-ACME,Tucker® Junior Trad,Tucker > Catalog,Catalog,ECO-15-BARE-ACME.png,C:\Codex\AZCS Inventory\Images\Tucker images\ECO-15-BARE-ACME.png
20051-RO-V3,"Tucker® Max Flow 21"" RO",Tucker > Catalog,Catalog,20051-RO-V3.png,C:\Codex\AZCS Inventory\Images\Tucker images\20051-RO-V3.png
20013-RO-VF,"Tucker® Max Flow 40"" RO w/ VFT",Tucker > Catalog,Catalog,20013-RO-VF.jpeg,C:\Codex\AZCS Inventory\Images\Tucker images\20013-RO-VF.jpeg
40019-WNP,Tucker® mini scrubber replacement pad - Walnut,Tucker > Catalog,Catalog,40019-WNP.png,C:\Codex\AZCS Inventory\Images\Tucker images\40019-WNP.png
40019,Tucker® Mini scrubber w/ extra pad,Tucker > Catalog,Catalog,40019.png,C:\Codex\AZCS Inventory\Images\Tucker images\40019.png
60005-V2,Tucker® MQC - V2,Tucker > Catalog,Catalog,60005-V2.png,C:\Codex\AZCS Inventory\Images\Tucker images\60005-V2.png
T-SWIVEL-V1,Tucker® Swivel Assembly,Tucker > Catalog,Catalog,T-SWIVEL-V1.png,C:\Codex\AZCS Inventory\Images\Tucker images\T-SWIVEL-V1.png
T-SWIVEL-V2,Tucker® Swivel Assembly w/ Quick Release for #1 Clamp,Tucker > Water Fed Pole Parts,Water Fed Pole Parts,T-SWIVEL-V2.png,C:\Codex\AZCS Inventory\Images\Tucker images\T-SWIVEL-V2.png
TUCKER®-WATER-FED-POLE---4060-4-STAGE-KIT,Tucker® Water Fed Pole - 4060 4-Stage Kit,Tucker > Water Fed Pole Parts,Water Fed Pole Parts,TUCKER®-WATER-FED-POLE---4060-4-STAGE-KIT.png,C:\Codex\AZCS Inventory\Images\Tucker images\TUCKER®-WATER-FED-POLE---4060-4-STAGE-KIT.png
TUCKER®-WATER-FED-POLE-DUAL-USER-FILL-N-GO-KI,Tucker® Water Fed Pole Dual User Fill N Go Kit,Tucker > Water Fed Pole Parts,Water Fed Pole Parts,TUCKER®-WATER-FED-POLE-DUAL-USER-FILL-N-GO-KI.png,C:\Codex\AZCS Inventory\Images\Tucker images\TUCKER®-WATER-FED-POLE-DUAL-USER-FILL-N-GO-KI.png
T-FNG-KIT,Tucker® Water Fed Pole Single User Fill N Go Kit,Tucker > Water Fed Pole Parts,Water Fed Pole Parts,T-FNG-KIT.png,C:\Codex\AZCS Inventory\Images\Tucker images\T-FNG-KIT.png
T-ULTIMATE-C-40,Ultimate Kit for Commercial 40',Tucker > Catalog,Catalog,T-ULTIMATE-C-40.png,C:\Codex\AZCS Inventory\Images\Tucker images\T-ULTIMATE-C-40.png
T-ULTIMATE-C-50,Ultimate Kit for Commercial 50',Tucker > Catalog,Catalog,T-ULTIMATE-C-50.png,C:\Codex\AZCS Inventory\Images\Tucker images\T-ULTIMATE-C-50.png
T-ULTIMATE-C-60,Ultimate Kit for Commercial 60',Tucker > Catalog,Catalog,T-ULTIMATE-C-60.png,C:\Codex\AZCS Inventory\Images\Tucker images\T-ULTIMATE-C-60.png
T-ULTIMATE-C-70,Ultimate Kit for Commercial 70',Tucker > Catalog,Catalog,T-ULTIMATE-C-70.png,C:\Codex\AZCS Inventory\Images\Tucker images\T-ULTIMATE-C-70.png
T-ULTIMATE-KIT-RES-H2PRO-110,Ultimate Residential Kit H2PRO,Tucker > Pure Water Systems,Pure Water Systems,T-ULTIMATE-KIT-RES-H2PRO-110.png,C:\Codex\AZCS Inventory\Images\Tucker images\T-ULTIMATE-KIT-RES-H2PRO-110.png
T-ULTIMATE-KIT-RES-H2PRO,Ultimate Residential Kit H2PRO(WP),Tucker > Pure Water Systems,Pure Water Systems,T-ULTIMATE-KIT-RES-H2PRO.png,C:\Codex\AZCS Inventory\Images\Tucker images\T-ULTIMATE-KIT-RES-H2PRO.png
T-ULTIMATE-KIT-RES-40UGK,Ultimate Residential Kit with Tucker® 40 upgrade,Tucker > Catalog,Catalog,T-ULTIMATE-KIT-RES-40UGK.png,C:\Codex\AZCS Inventory\Images\Tucker images\T-ULTIMATE-KIT-RES-40UGK.png
T-SKID-ULT-MAV,Ultimate Tucker Skid - Maverick,Tucker > Catalog,Catalog,T-SKID-ULT-MAV.jpeg,C:\Codex\AZCS Inventory\Images\Tucker images\T-SKID-ULT-MAV.jpeg
62014-BV,Union Ball Valve 1/2OD x 1/2OD,Tucker > Accessories,Accessories,62014-BV.png,C:\Codex\AZCS Inventory\Images\Tucker images\62014-BV.png
62014-BV-BYPASS,Union Ball Valve 1/2OD x 1/2OD - drilled,Tucker > Accessories,Accessories,62014-BV-BYPASS.png,C:\Codex\AZCS Inventory\Images\Tucker images\62014-BV-BYPASS.png
T-LEVER-V2-COMP,V2 Lever Complete for CF Pole Clamp,Tucker > Water Fed Pole Parts,Water Fed Pole Parts,T-LEVER-V2-COMP.jpeg,C:\Codex\AZCS Inventory\Images\Tucker images\T-LEVER-V2-COMP.jpeg
WATER-FED-BRUSH-│-ALPHA-BOAR-AND-NYLON-BRISTL,"Water Fed Brush │ Alpha Boar and Nylon Bristle Hybrid - 4 Pencil Jets, Rinse Bar, and Swivel Neck",Tucker > Accessories,Accessories,WATER-FED-BRUSH-│-ALPHA-BOAR-AND-NYLON-BRISTL.png,C:\Codex\AZCS Inventory\Images\Tucker images\WATER-FED-BRUSH-│-ALPHA-BOAR-AND-NYLON-BRISTL.png
WATER-FED-BRUSH-│-ALPHA-PREMIUM-BOAR-BRUSH,"Water Fed Brush │ Alpha Premium Boar Brush - 4 Pencil Jets, Rinse Bar and Swivel Neck",Tucker > Accessories,Accessories,WATER-FED-BRUSH-│-ALPHA-PREMIUM-BOAR-BRUSH.png,C:\Codex\AZCS Inventory\Images\Tucker images\WATER-FED-BRUSH-│-ALPHA-PREMIUM-BOAR-BRUSH.png
T-ALPHA-SCRUB,Water Fed Brush │ Alpha Scrubber,Tucker > Accessories,Accessories,T-ALPHA-SCRUB.png,C:\Codex\AZCS Inventory\Images\Tucker images\T-ALPHA-SCRUB.png
T-12HY-LT,Water Fed Brush │ Dual Trim - Boar and Nylon Bristle Hybrid - 4 Pencil Jets,Tucker > Accessories,Accessories,T-12HY-LT.png,C:\Codex\AZCS Inventory\Images\Tucker images\T-12HY-LT.png
WATER-FED-BRUSH│BOAR-BRISTLE---4-PENCIL-JETS,Water Fed Brush│Boar Bristle - 4 Pencil Jets,Tucker > Accessories,Accessories,WATER-FED-BRUSH│BOAR-BRISTLE---4-PENCIL-JETS.png,C:\Codex\AZCS Inventory\Images\Tucker images\WATER-FED-BRUSH│BOAR-BRISTLE---4-PENCIL-JETS.png
12034,Water-Fed Delivery Pump,Tucker > Pure Water Systems,Pure Water Systems,12034.png,C:\Codex\AZCS Inventory\Images\Tucker images\12034.png
T-1000,Welded Frame for 3 Stage Cart,Tucker > Catalog,Catalog,T-1000.jpeg,C:\Codex\AZCS Inventory\Images\Tucker images\T-1000.jpeg
HW014,Wheel Bolt,Tucker > Catalog,Catalog,HW014.png,C:\Codex\AZCS Inventory\Images\Tucker images\HW014.png
T-WCT,Wood Cone Tip for Acme Tips,Tucker > Catalog,Catalog,T-WCT.png,C:\Codex\AZCS Inventory\Images\Tucker images\T-WCT.png
T-18ALPHA-HB-SOLAR,XL ALPHA BADGER Solar Brush,Tucker > Accessories,Accessories,T-18ALPHA-HB-SOLAR.jpeg,C:\Codex\AZCS Inventory\Images\Tucker images\T-18ALPHA-HB-SOLAR.jpeg
T-18ALPHA-DT-XL,XL Nylon Alpha Brush,Tucker > Accessories,Accessories,T-18ALPHA-DT-XL.jpeg,C:\Codex\AZCS Inventory\Images\Tucker images\T-18ALPHA-DT-XL.jpeg
